SPLIT,SEASON,Champion,picks,bans,presence,avg bt,wins,losses,winrate,KDA,GT,CSM,DPM,CSD-15MIN
SPRING,S8,Ryze Ryze,814,973,83%,4.4,379,435,47%,3.6,34:58:00,10,461,2.5
SPRING,S8,Camille Camille,490,1188,78%,4.5,272,218,56%,2.6,34:16:00,8.2,393,-1.6
SPRING,S8,Braum Braum,1027,574,74%,7.3,511,516,50%,3.5,35:32:00,2.2,152,6.5
SPRING,S8,Sejuani Sejuani,998,597,74%,5.1,470,528,47%,3.6,35:24:00,4.9,199,0.4
SPRING,S8,Azir Azir,651,932,74%,4.6,335,316,51%,3.5,35:41:00,10,604,2.3
SPRING,S8,Tahm Kench Tahm Kench,710,777,69%,5.7,352,358,50%,2.6,35:27:00,2.2,133,7.9
SPRING,S8,Gangplank Gangplank,516,822,62%,4.9,299,217,58%,4.2,35:57:00,9.2,594,-11.4
SPRING,S8,Gnar Gnar,730,547,59%,7,328,402,45%,2.7,36:11:00,8.9,424,7.6
SPRING,S8,Varus Varus,710,530,58%,6.1,347,363,49%,4,35:16:00,9.9,489,2.3
SPRING,S8,Galio Galio,317,893,56%,3.9,168,149,53%,4,34:47:00,8.9,470,-11
SPRING,S8,Alistar Alistar,571,576,53%,7,297,274,52%,2.9,34:46:00,1.8,134,0.4
SPRING,S8,Ornn Ornn,680,455,53%,6.7,337,343,50%,3.3,35:21:00,7.4,360,-0.3
SPRING,S8,Ezreal Ezreal,746,360,51%,5.6,392,354,53%,5.3,35:33:00,9.7,722,0
SPRING,S8,Caitlyn Caitlyn,642,459,51%,5.4,323,319,50%,3.9,34:48:00,10.3,639,3.4
SPRING,S8,Xayah Xayah,520,575,51%,4.3,279,241,54%,4.4,34:31:00,10.2,606,0.7
SPRING,S8,Zoe Zoe,266,800,50%,3.8,145,121,55%,4.5,35:02:00,9,637,3.4
SPRING,S8,Jarvan IV Jarvan IV,605,452,49%,6,315,290,52%,3.4,35:08:00,4.8,176,-5.4
SPRING,S8,Sion Sion,517,480,46%,4.8,248,269,48%,3,34:36:00,8,367,1.2
SPRING,S8,Skarner Skarner,450,538,46%,4.5,248,202,55%,3.1,35:11:00,5,142,4.9
SPRING,S8,Tristana Tristana,596,354,44%,5.8,295,301,49%,4.5,34:41:00,10.4,574,-5.2
SPRING,S8,Taliyah Taliyah,391,545,44%,5.2,201,190,51%,3.8,35:07:00,9.4,576,-0.5
SPRING,S8,KhaZix KhaZix,402,486,41%,5.5,210,192,52%,3,35:28:00,5.3,311,-0.6
SPRING,S8,Zac Zac,461,404,40%,6.6,239,222,52%,3.7,34:54:00,4.6,176,-7.8
SPRING,S8,Kalista Kalista,280,561,39%,4.2,136,144,49%,3.9,35:18:00,10.1,447,5.1
SPRING,S8,Vladimir Vladimir,347,415,35%,6,170,177,49%,3,34:52:00,9.1,548,3.1
SPRING,S8,Olaf Olaf,355,397,35%,4.4,183,172,52%,3.6,34:24:00,5.2,274,6.4
SPRING,S8,Rakan Rakan,429,318,35%,4.3,233,196,54%,3.8,34:44:00,0.7,160,-17
SPRING,S8,KogMaw KogMaw,273,439,33%,4.4,118,155,43%,3.8,36:08:00,10,625,-4
SPRING,S8,Taric Taric,391,306,32%,8.2,189,202,48%,3.3,35:12:00,2.2,87,3.7
SPRING,S8,Cassiopeia Cassiopeia,293,388,32%,6.5,171,122,58%,4.6,34:26:00,9.4,533,4.9
SPRING,S8,Swain Swain,173,429,28%,3.8,102,71,59%,3.7,33:33:00,8.5,534,-2.6
SPRING,S8,Shen Shen,297,277,27%,6.8,140,157,47%,3.4,34:28:00,5.6,205,-3.5
SPRING,S8,Chogath Chogath,376,146,24%,8.3,194,182,52%,2.5,34:44:00,7.9,325,-3.2
SPRING,S8,Morgana Morgana,206,235,21%,6.6,100,106,49%,3.7,33:46:00,0.7,253,-11.4
SPRING,S8,Malzahar Malzahar,187,227,19%,5.3,96,91,51%,3.5,36:00:00,9.4,484,-6.6
SPRING,S8,Trundle Trundle,231,169,19%,5.9,117,114,51%,3.4,33:59:00,5.6,193,-0.5
SPRING,S8,Janna Janna,202,178,18%,7.9,95,107,47%,3.8,34:29:00,0.9,178,-16.7
SPRING,S8,Thresh Thresh,213,153,17%,7.6,101,112,47%,3.3,34:24:00,1.2,134,-1.4
SPRING,S8,Karma Karma,179,179,17%,5.8,86,93,48%,4.6,34:15:00,6.6,358,-4.5
SPRING,S8,Corki Corki,233,112,16%,6.9,100,133,43%,3.4,35:35:00,10.4,648,4.5
SPRING,S8,Orianna Orianna,197,132,15%,7.5,100,97,51%,4.6,36:12:00,9.5,521,3.8
SPRING,S8,Jax Jax,179,114,14%,7.7,76,103,42%,2.5,35:09:00,6,181,4.6
SPRING,S8,Jayce Jayce,80,190,13%,6.7,45,35,56%,2.6,33:53:00,9.3,548,14.2
SPRING,S8,Fiora Fiora,108,161,13%,7.8,43,65,40%,2,33:46:00,9.5,424,1.1
SPRING,S8,Kaisa Kaisa,102,142,11%,4.3,52,50,51%,4.6,34:05:00,10.2,590,-3.9
SPRING,S8,Jhin Jhin,137,76,10%,6.5,66,71,48%,5.2,33:23:00,9.6,551,-0.6
SPRING,S8,Anivia Anivia,76,93,8%,5.1,42,34,55%,5.7,35:29:00,9.5,480,-0.8
SPRING,S8,Kassadin Kassadin,85,77,8%,8.1,35,50,41%,4,34:10:00,9.2,499,-5.4
SPRING,S8,Syndra Syndra,101,52,7%,7.5,39,62,39%,3,36:22:00,9.6,532,1.8
SPRING,S8,Nidalee Nidalee,70,82,7%,6.4,39,31,56%,3.8,34:17:00,6.2,352,17.8
SPRING,S8,Maokai Maokai,125,22,7%,8.8,56,69,45%,2.4,35:08:00,7.3,351,-7.5
SPRING,S8,Lee Sin Lee Sin,101,45,7%,6.5,44,57,44%,2.8,33:14:00,4.8,202,-4.8
SPRING,S8,Sivir Sivir,89,45,6%,7.9,37,52,42%,4,37:26:00,10.9,600,-3.1
SPRING,S8,Leona Leona,96,36,6%,7.9,50,46,52%,2.7,34:58:00,2,123,10.1
SPRING,S8,Rengar Rengar,50,52,5%,7.7,22,28,44%,2.4,38:35:00,5.9,236,7.1
SPRING,S8,LeBlanc LeBlanc,41,60,5%,7.6,21,20,51%,3.6,35:36:00,8.1,515,-3.1
SPRING,S8,Jinx Jinx,65,36,5%,7.3,35,30,54%,5,34:05:00,10.7,655,0.4
SPRING,S8,RekSai RekSai,69,28,5%,7.3,34,35,49%,2.9,34:25:00,5.2,223,3
SPRING,S8,Urgot Urgot,51,46,5%,6.7,23,28,45%,2.8,33:17:00,8.7,424,9.1
SPRING,S8,Nunu Nunu,38,55,4%,4.7,17,21,45%,2.6,36:33:00,4.9,102,8.8
SPRING,S8,Veigar Veigar,51,41,4%,6.5,26,25,51%,4.1,34:09:00,9,464,-14.2
SPRING,S8,Illaoi Illaoi,33,56,4%,8.2,15,18,45%,1.2,35:50:00,9,535,12.3
SPRING,S8,Lulu Lulu,60,24,4%,8.9,29,31,48%,4.4,33:57:00,1.5,153,-14
SPRING,S8,Gragas Gragas,73,11,4%,9.1,34,39,47%,2.8,35:08:00,4.5,199,-6.2
SPRING,S8,Poppy Poppy,51,26,4%,7.7,24,27,47%,2.8,33:28:00,7.3,336,-5.2
SPRING,S8,Ashe Ashe,51,10,3%,8.8,27,24,53%,4.4,33:28:00,9.5,556,-4.2
SPRING,S8,VelKoz VelKoz,33,27,3%,4.5,19,14,58%,4,38:20:00,8.4,615,0.6
SPRING,S8,Zilean Zilean,42,18,3%,7.5,20,22,48%,3.8,36:30:00,2.8,273,-11.5
SPRING,S8,Evelynn Evelynn,15,44,3%,3.5,9,6,60%,3.1,38:53:00,4.8,329,-1.2
SPRING,S8,Vayne Vayne,41,16,3%,6.7,19,22,46%,3.4,35:08:00,10.1,553,-1.1
SPRING,S8,Viktor Viktor,41,14,3%,6.9,12,29,29%,2.7,34:15:00,9.3,545,-2.7
SPRING,S8,Graves Graves,30,24,3%,3.4,14,16,47%,2.9,31:06:00,6.5,377,17.9
SPRING,S8,Riven Riven,25,25,2%,5.6,14,11,56%,2.8,33:39:00,9.4,382,5.9
SPRING,S8,Bard Bard,32,16,2%,7.1,15,17,47%,2.7,34:06:00,1.1,244,-21.7
SPRING,S8,Lucian Lucian,34,13,2%,6.5,11,23,32%,2.1,33:11:00,9.6,587,16.1
SPRING,S8,Shyvana Shyvana,26,18,2%,8.2,5,21,19%,1.9,35:44:00,6.3,240,21.6
SPRING,S8,Ekko Ekko,28,14,2%,6.1,14,14,50%,3.8,34:43:00,9.5,452,-6.2
SPRING,S8,Ivern Ivern,21,19,2%,5.5,11,10,52%,4.5,39:16:00,4.2,164,-7.2
SPRING,S8,Rumble Rumble,26,13,2%,7.2,9,17,35%,2.2,36:44:00,8.1,452,-6.2
SPRING,S8,Aurelion Sol Aurelion Sol,19,19,2%,6.7,9,10,47%,4.6,36:30:00,8.7,554,-10.1
SPRING,S8,Kled Kled,23,14,2%,6.1,11,12,48%,3.8,33:25:00,8.5,370,-5.9
SPRING,S8,Yasuo Yasuo,19,17,2%,4.1,10,9,53%,2.2,30:12:00,9.3,341,12.4
SPRING,S8,Ziggs Ziggs,25,10,2%,7.3,13,12,52%,3.6,36:12:00,9.4,727,-0.3
SPRING,S8,Xerath Xerath,20,13,2%,6.8,7,13,35%,3.5,34:58:00,9.2,758,-4.2
SPRING,S8,Nocturne Nocturne,21,10,1%,7.4,9,12,43%,2.1,34:26:00,5.4,308,-0.4
SPRING,S8,Kennen Kennen,15,14,1%,5.9,6,9,40%,2.5,34:00:00,6.7,327,-10
SPRING,S8,Xin Zhao Xin Zhao,22,7,1%,8.3,12,10,55%,2.3,34:36:00,5.2,243,6.1
SPRING,S8,Twitch Twitch,21,6,1%,8,11,10,52%,5.3,35:08:00,9.2,582,-8.2
SPRING,S8,Nami Nami,24,2,1%,7,15,9,63%,4.9,34:08:00,0.6,180,-15.6
SPRING,S8,Singed Singed,11,13,1%,9.3,8,3,73%,4.7,34:42:00,8.6,331,-3.7
SPRING,S8,Kindred Kindred,16,6,1%,6.2,7,9,44%,2.3,35:23:00,5.5,362,0.6
SPRING,S8,Irelia Irelia,9,12,1%,6.9,5,4,56%,2.3,32:17:00,8.4,385,6.3
SPRING,S8,Malphite Malphite,13,8,1%,8,8,5,62%,3.4,32:42:00,8.5,391,4.2
SPRING,S8,Renekton Renekton,15,5,1%,8.8,4,11,27%,2,35:10:00,8.8,368,13.3
SPRING,S8,Draven Draven,12,6,1%,5.2,8,4,67%,5.4,38:04:00,9.8,649,-7.9
SPRING,S8,Warwick Warwick,14,3,1%,6.3,7,7,50%,2.3,35:54:00,4.8,196,7.9
SPRING,S8,Twisted Fate Twisted Fate,13,3,1%,7,8,5,62%,5.4,33:49:00,8.9,448,-12.2
SPRING,S8,Blitzcrank Blitzcrank,13,3,1%,6,4,9,31%,1.8,34:34:00,1.4,138,-6.5
SPRING,S8,Soraka Soraka,11,4,1%,7.5,6,5,55%,4,34:39:00,0.8,175,-9
SPRING,S8,Elise Elise,11,4,1%,9,4,7,36%,2.2,30:20:00,4.6,335,-5.2
SPRING,S8,Yorick Yorick,4,10,1%,7.6,1,3,25%,2.7,33:13:00,9.7,482,10.3
SPRING,S8,Zyra Zyra,9,3,1%,9.3,5,4,56%,2.3,33:13:00,1.2,407,-6.3
SPRING,S8,Fizz Fizz,6,5,1%,6.6,2,4,33%,1.9,32:04:00,8,341,-7.8
SPRING,S8,Kayn Kayn,8,3,1%,8.7,5,3,63%,5.5,30:46:00,5.8,336,14.6
SPRING,S8,Miss Fortune Miss Fortune,6,4,0%,7.3,3,3,50%,4.8,31:06:00,9.2,442,-5
SPRING,S8,Darius Darius,6,4,0%,9,2,4,33%,2.4,34:56:00,8,350,21.2
SPRING,S8,Volibear Volibear,6,3,0%,4,3,3,50%,2.2,34:30:00,5.7,247,-1
SPRING,S8,Nasus Nasus,8,1,0%,10,3,5,38%,1.7,31:32:00,9.2,502,4.6
SPRING,S8,Katarina Katarina,0,8,0%,3.9,,,,,0:00,,,
SPRING,S8,Heimerdinger Heimerdinger,2,6,0%,6.8,2,0,100%,12,28:58:00,9.7,633,20.5
SPRING,S8,Brand Brand,5,1,0%,10,3,2,60%,3.6,32:03:00,1.1,577,-11.6
SPRING,S8,Aatrox Aatrox,3,3,0%,7,1,2,33%,0.7,33:23:00,8.5,362,-5
SPRING,S8,Fiddlesticks Fiddlesticks,5,0,0%,-,3,2,60%,3.6,36:10:00,8.3,555,-6.8
SPRING,S8,Karthus Karthus,3,2,0%,9,2,1,67%,3.5,35:58:00,9.9,802,10
SPRING,S8,Ahri Ahri,4,1,0%,6,1,3,25%,2.7,30:24:00,9.2,558,-9
SPRING,S8,Talon Talon,3,1,0%,10,1,2,33%,2.1,26:29:00,7.5,436,-21.3
SPRING,S8,Teemo Teemo,3,1,0%,9,2,1,67%,2.6,30:59:00,9.8,735,19.7
SPRING,S8,Zed Zed,3,0,0%,-,3,0,100%,8,24:14:00,8.1,682,22.7
SPRING,S8,Rammus Rammus,2,0,0%,-,2,0,100%,2.9,32:55:00,5.2,647,3
SPRING,S8,Sona Sona,1,1,0%,8,1,0,100%,11,28:25:00,0.8,351,-23
SPRING,S8,Hecarim Hecarim,2,0,0%,-,1,1,50%,3.1,34:31:00,5.4,285,-4
SPRING,S8,Akali Akali,1,0,0%,-,1,0,100%,8,24:46:00,7.6,264,15
SPRING,S8,Mordekaiser Mordekaiser,1,0,0%,-,0,1,0%,0.2,22:32,4,121,-43
SPRING,S8,Pantheon Pantheon,1,0,0%,-,0,1,0%,2,37:04:00,7.5,457,-16
SPRING,S8,Dr. Mundo Dr. Mundo,1,0,0%,-,0,1,0%,3,32:15:00,6.9,594,-14
SPRING,S8,Lux Lux,1,0,0%,-,1,0,100%,17,25:10:00,8.2,652,101
SPRING,S8,Vi Vi,0,1,0%,3,,,,,0:00,,,
SPRING,S8,Lissandra Lissandra,1,0,0%,-,1,0,100%,-,25:28:00,8.3,443,16
SPRING,S8,Garen Garen,0,1,0%,6,,,,,0:00,,,
SPRING,S8,Shaco Shaco,0,1,0%,2,,,,,0:00,,,
SPRING,S8,Amumu Amumu,0,0,0%,-,,,,,0:00,,,
SPRING,S8,Aphelios Aphelios,0,0,0%,-,,,,,0:00,,,
SPRING,S8,Wukong Wukong,0,0,0%,-,,,,,0:00,,,
SPRING,S8,Diana Diana,0,0,0%,-,,,,,0:00,,,
SPRING,S8,Lilia Lilia,0,0,0%,-,,,,,0:00,,,
SPRING,S8,Neeko Neeko,0,0,0%,-,,,,,0:00,,,
SPRING,S8,Master Yi Master Yi,0,0,0%,-,,,,,0:00,,,
SPRING,S8,Yuumi Yuumi,0,0,0%,-,,,,,0:00,,,
SPRING,S8,Quinn Quinn,0,0,0%,-,,,,,0:00,,,
SPRING,S8,Senna Senna,0,0,0%,-,,,,,0:00,,,
SPRING,S8,Udyr Udyr,0,0,0%,-,,,,,0:00,,,
SPRING,S8,Annie Annie,0,0,0%,-,,,,,0:00,,,
SPRING,S8,Sett Sett,0,0,0%,-,,,,,0:00,,,
SPRING,S8,Pyke Pyke,0,0,0%,-,,,,,0:00,,,
SPRING,S8,Kayle Kayle,0,0,0%,-,,,,,0:00,,,
SPRING,S8,Sylas Sylas,0,0,0%,-,,,,,0:00,,,
SPRING,S8,Nautilus Nautilus,0,0,0%,-,,,,,0:00,,,
SPRING,S8,Qiyana Qiyana,0,0,0%,-,,,,,0:00,,,
SPRING,S8,Tryndamere Tryndamere,0,0,0%,-,,,,,0:00,,,
SUMMER,S8,Aatrox Aatrox,411,1541,82%,3.5,233,178,57%,3,32:15:00,9.1,438,3.5
SUMMER,S8,Taliyah Taliyah,455,1221,70%,4.2,235,220,52%,3.1,33:30:00,6.7,454,1.7
SUMMER,S8,Rakan Rakan,651,999,69%,4.3,351,300,54%,3.7,33:27:00,0.6,165,-19.8
SUMMER,S8,Zoe Zoe,527,965,62%,4.4,283,244,54%,4.2,34:12:00,8.5,584,4.2
SUMMER,S8,Camille Camille,542,921,61%,4.6,279,263,51%,2.5,32:55:00,6.5,315,-5.1
SUMMER,S8,Nocturne Nocturne,383,1008,58%,4.3,210,173,55%,2.7,33:20:00,5.5,273,1.7
SUMMER,S8,Tahm Kench Tahm Kench,745,530,53%,4.7,402,343,54%,2.9,34:15:00,2,126,7.7
SUMMER,S8,Morgana Morgana,510,747,53%,5.2,235,275,46%,3.2,33:50:00,2,301,-11.4
SUMMER,S8,Trundle Trundle,815,439,52%,5.9,409,406,50%,3.6,33:51:00,4.8,171,-2.9
SUMMER,S8,Alistar Alistar,736,504,52%,6.4,365,371,50%,2.8,33:10:00,1.7,134,2
SUMMER,S8,Ryze Ryze,657,530,50%,5.6,338,319,51%,3.1,33:20:00,9.6,448,3.7
SUMMER,S8,Braum Braum,756,394,48%,5.6,391,365,52%,3.4,33:41:00,2,146,-1.6
SUMMER,S8,Swain Swain,563,550,47%,4.5,287,276,51%,3.7,33:33:00,8.3,473,-2.8
SUMMER,S8,Kindred Kindred,460,626,45%,4.4,230,230,50%,3.2,33:34:00,5.9,367,1.7
SUMMER,S8,Varus Varus,629,456,45%,5.8,299,330,48%,3.5,34:17:00,9.6,527,5.8
SUMMER,S8,Irelia Irelia,421,621,44%,4.8,219,202,52%,2.9,31:52:00,9.1,380,10
SUMMER,S8,Gragas Gragas,712,298,42%,6.1,349,363,49%,3.1,34:23:00,4.8,286,-6.1
SUMMER,S8,Kaisa Kaisa,692,313,42%,5.9,364,328,53%,4.2,32:23:00,10,513,4.3
SUMMER,S8,Dr. Mundo Dr. Mundo,583,402,41%,7.9,288,295,49%,3.1,33:15:00,8.4,411,-1.5
SUMMER,S8,Shen Shen,573,395,41%,5.4,273,300,48%,3.4,33:14:00,3,133,4.2
SUMMER,S8,Ezreal Ezreal,668,258,39%,7,309,359,46%,4.3,34:14:00,9.6,656,-0.8
SUMMER,S8,Yasuo Yasuo,328,586,38%,5.4,152,176,46%,2.7,32:41:00,9.1,351,3
SUMMER,S8,Ornn Ornn,522,360,37%,7.6,264,258,51%,3.5,32:50:00,7.4,343,-4.1
SUMMER,S8,Lucian Lucian,401,388,33%,6,196,205,49%,3.6,32:53:00,9.6,462,9.5
SUMMER,S8,Vladimir Vladimir,382,348,31%,5.3,174,208,46%,3.3,32:53:00,8.8,456,-3.3
SUMMER,S8,Sejuani Sejuani,470,217,29%,7.1,224,246,48%,3.6,34:03:00,4.6,196,-9.4
SUMMER,S8,Gnar Gnar,383,267,27%,7.9,195,188,51%,2.7,34:54:00,9,446,5.2
SUMMER,S8,LeBlanc LeBlanc,215,434,27%,6.9,116,99,54%,3.9,33:56:00,8.3,520,1.7
SUMMER,S8,Gangplank Gangplank,305,337,27%,7.1,154,151,50%,3.8,35:32:00,9.1,582,-6.8
SUMMER,S8,Akali Akali,117,511,26%,3.9,55,62,47%,3.1,34:14:00,8.5,421,-0.6
SUMMER,S8,Orianna Orianna,415,212,26%,7.4,189,226,46%,4,34:29:00,9.3,481,5.3
SUMMER,S8,Xayah Xayah,437,176,26%,6.7,237,200,54%,4.2,33:45:00,10.2,530,8.4
SUMMER,S8,Graves Graves,324,286,26%,5.1,160,164,49%,3.4,32:57:00,7,388,11.1
SUMMER,S8,Galio Galio,296,288,24%,6.4,147,149,50%,3.5,33:27:00,8.4,405,-7.8
SUMMER,S8,Darius Darius,211,371,24%,7.9,99,112,47%,2.2,33:07:00,8.5,344,7
SUMMER,S8,Pyke Pyke,283,211,21%,6.6,139,144,49%,3.2,33:10:00,1.8,164,0.2
SUMMER,S8,Kennen Kennen,210,232,18%,8,95,115,45%,2.4,33:48:00,8.7,457,1.5
SUMMER,S8,Chogath Chogath,333,108,18%,8.5,148,185,44%,2.4,34:49:00,7.7,323,-4.4
SUMMER,S8,Jayce Jayce,181,243,18%,6.6,98,83,54%,2.9,32:50:00,9.1,550,13.1
SUMMER,S8,Lulu Lulu,211,205,17%,5.7,99,112,47%,4.6,32:43:00,7,313,-2.7
SUMMER,S8,Olaf Olaf,204,210,17%,5.8,112,92,55%,3.7,33:45:00,5.3,283,4.5
SUMMER,S8,Ashe Ashe,259,130,16%,7.5,133,126,51%,3.7,33:46:00,9.7,518,-0.9
SUMMER,S8,Xin Zhao Xin Zhao,224,160,16%,6.4,100,124,45%,2.5,32:33:00,5.1,255,-8.8
SUMMER,S8,Skarner Skarner,210,159,15%,6.6,115,95,55%,3.8,34:14:00,4.7,151,-3
SUMMER,S8,Urgot Urgot,148,203,15%,4.8,72,76,49%,3.1,33:43:00,8.4,399,5.4
SUMMER,S8,Syndra Syndra,177,147,14%,8,85,92,48%,3.4,34:38:00,9.3,494,9.2
SUMMER,S8,Fiddlesticks Fiddlesticks,153,150,13%,6.9,72,81,47%,2.4,32:33:00,0.8,273,-9.2
SUMMER,S8,Poppy Poppy,201,99,13%,7.1,101,100,50%,2.9,34:46:00,7.1,330,-4.6
SUMMER,S8,Jhin Jhin,202,81,12%,8.1,94,108,47%,4.7,34:59:00,9.4,528,1.2
SUMMER,S8,Cassiopeia Cassiopeia,145,133,12%,7.3,75,70,52%,3.5,33:00:00,9.2,498,4
SUMMER,S8,Heimerdinger Heimerdinger,84,171,11%,4.1,37,47,44%,2.8,34:11:00,8.4,631,-0.2
SUMMER,S8,Azir Azir,141,100,10%,7.2,65,76,46%,3,34:18:00,9.6,481,-0.1
SUMMER,S8,Talon Talon,79,158,10%,5.6,48,31,61%,3.4,34:26:00,10.1,451,16.3
SUMMER,S8,Kled Kled,114,110,9%,5.2,54,60,47%,4,34:20:00,8.5,372,-1.4
SUMMER,S8,Sion Sion,154,60,9%,5.7,73,81,47%,3.3,32:57:00,7.5,346,-3.9
SUMMER,S8,Rumble Rumble,121,89,9%,7.2,67,54,55%,3.5,34:25:00,8,531,6.8
SUMMER,S8,Draven Draven,63,136,8%,3.8,38,25,60%,3.6,31:09:00,9.2,508,15
SUMMER,S8,Singed Singed,100,97,8%,7.3,58,42,58%,3.6,31:19:00,8.3,389,-3.1
SUMMER,S8,Tristana Tristana,126,62,8%,7,63,63,50%,4.1,33:49:00,10.1,505,2.2
SUMMER,S8,Zilean Zilean,79,101,8%,5.6,37,42,47%,4.8,33:36:00,4.8,361,-9.9
SUMMER,S8,Soraka Soraka,97,78,7%,7.7,48,49,49%,3.6,33:02:00,0.6,203,-15.4
SUMMER,S8,Mordekaiser Mordekaiser,76,96,7%,5.3,46,30,61%,4.4,31:21:00,7.9,365,-2.1
SUMMER,S8,Karma Karma,99,72,7%,6.1,52,47,53%,4.7,32:06:00,5.5,321,-3.1
SUMMER,S8,Fiora Fiora,63,99,7%,7.5,30,33,48%,2.2,32:51:00,9.4,445,3.4
SUMMER,S8,Malzahar Malzahar,85,77,7%,7.2,50,35,59%,3.3,33:49:00,9.2,489,-3
SUMMER,S8,Taric Taric,66,95,7%,3.9,33,33,50%,3.7,30:59:00,1.8,80,-43.4
SUMMER,S8,VelKoz VelKoz,87,73,7%,7.1,39,48,45%,4.4,36:26:00,9,668,7.4
SUMMER,S8,Jax Jax,84,65,6%,8.1,25,59,30%,1.8,31:12:00,8.6,335,-1.9
SUMMER,S8,Lee Sin Lee Sin,104,42,6%,7.7,50,54,48%,2.8,32:47:00,5.1,237,-4.4
SUMMER,S8,Thresh Thresh,94,52,6%,5.9,40,54,43%,2.9,33:17:00,0.7,145,-9.2
SUMMER,S8,Nidalee Nidalee,58,72,5%,5.1,30,28,52%,3.3,33:39:00,6.1,406,6.1
SUMMER,S8,Lissandra Lissandra,65,52,5%,7.9,33,32,51%,3.1,32:14:00,8.8,403,17.4
SUMMER,S8,Jarvan IV Jarvan IV,95,21,5%,8.2,46,49,48%,3.6,33:40:00,7.1,303,-0.1
SUMMER,S8,Zac Zac,68,43,5%,7.1,34,34,50%,4.4,33:18:00,4.4,198,-13
SUMMER,S8,Renekton Renekton,61,45,4%,8,27,34,44%,2.1,31:25:00,9.1,371,10.2
SUMMER,S8,Anivia Anivia,32,68,4%,5.8,20,12,63%,6,36:58:00,9.4,434,-0.7
SUMMER,S8,Master Yi Master Yi,27,73,4%,3.8,9,18,33%,2.7,28:55:00,10.7,462,58.5
SUMMER,S8,Leona Leona,73,23,4%,7.1,40,33,55%,2.8,33:57:00,2,123,16.1
SUMMER,S8,Aurelion Sol Aurelion Sol,39,52,4%,6.6,20,19,51%,5.2,34:03:00,9,474,-0.8
SUMMER,S8,Karthus Karthus,48,30,3%,5,18,30,38%,2.4,32:30:00,9.8,699,36.1
SUMMER,S8,KogMaw KogMaw,44,28,3%,6.5,19,25,43%,2.5,32:00:00,9.6,518,0
SUMMER,S8,Caitlyn Caitlyn,43,29,3%,7.4,22,21,51%,4.1,34:39:00,10,603,6.6
SUMMER,S8,Brand Brand,34,34,3%,5.2,15,19,44%,3,35:32:00,6.8,531,-2.6
SUMMER,S8,Ziggs Ziggs,37,28,3%,7.1,19,18,51%,3.5,35:03:00,9.3,735,4.1
SUMMER,S8,Miss Fortune Miss Fortune,41,23,3%,6.7,19,22,46%,4.1,32:51:00,9.1,573,-3.2
SUMMER,S8,Maokai Maokai,58,5,3%,8.2,35,23,60%,3.2,32:19:00,7.1,366,-8.8
SUMMER,S8,Sivir Sivir,46,17,3%,8.1,23,23,50%,4.4,33:53:00,10.5,569,-1
SUMMER,S8,Viktor Viktor,49,13,3%,6.4,23,26,47%,3.5,34:23:00,9.3,626,2.6
SUMMER,S8,Corki Corki,42,16,2%,7.3,23,19,55%,4,32:38:00,10,622,6.8
SUMMER,S8,Malphite Malphite,38,19,2%,8.3,14,24,37%,2.3,34:23:00,7.9,368,-20.3
SUMMER,S8,Kalista Kalista,28,26,2%,6.1,16,12,57%,4.1,31:09:00,9.8,422,6.2
SUMMER,S8,Fizz Fizz,22,29,2%,7.3,13,9,59%,3.6,34:38:00,8.5,429,-1.7
SUMMER,S8,Ahri Ahri,22,22,2%,4.6,13,9,59%,3.2,38:10:00,8.3,520,-9.2
SUMMER,S8,Kassadin Kassadin,24,20,2%,8.3,10,14,42%,3.2,32:50:00,9.2,514,-7.2
SUMMER,S8,Evelynn Evelynn,16,24,2%,4.1,4,12,25%,2,34:07:00,4.9,371,-8.8
SUMMER,S8,Rengar Rengar,18,22,2%,3.9,6,12,33%,1.8,31:52:00,5.9,313,7.4
SUMMER,S8,KhaZix KhaZix,16,23,2%,4.9,7,9,44%,2.5,37:21:00,5.5,386,4.1
SUMMER,S8,Nautilus Nautilus,33,5,2%,4.4,12,21,36%,2.3,32:03:00,3.4,185,5.6
SUMMER,S8,Nunu Nunu,24,12,2%,4.6,13,11,54%,3.5,31:40:00,1.7,71,-71.5
SUMMER,S8,Riven Riven,13,22,1%,4.8,6,7,46%,2.4,32:35:00,9.5,341,-2.4
SUMMER,S8,RekSai RekSai,19,15,1%,5.9,10,9,53%,3,32:52:00,5.6,244,5.6
SUMMER,S8,Quinn Quinn,19,12,1%,7.9,7,12,37%,2.3,36:13:00,9.4,512,-3.3
SUMMER,S8,Janna Janna,24,7,1%,9,10,14,42%,3.4,32:30:00,0.8,138,-26.6
SUMMER,S8,Nami Nami,24,6,1%,7.8,12,12,50%,3.5,31:55:00,0.4,156,-11.4
SUMMER,S8,Ekko Ekko,21,8,1%,8.8,9,12,43%,2.7,32:01:00,8.2,440,5.1
SUMMER,S8,Vayne Vayne,22,7,1%,8.6,13,9,59%,3.1,31:58:00,9.2,579,0.5
SUMMER,S8,Twisted Fate Twisted Fate,20,7,1%,8,10,10,50%,4.8,30:26:00,9,423,6.9
SUMMER,S8,Blitzcrank Blitzcrank,20,6,1%,8,10,10,50%,2.8,33:08:00,1.6,157,3.4
SUMMER,S8,Zed Zed,11,14,1%,8.2,4,7,36%,3,36:16:00,8.6,511,2.1
SUMMER,S8,Xerath Xerath,15,7,1%,6,10,5,67%,10.5,35:25:00,8.1,873,-5.2
SUMMER,S8,Hecarim Hecarim,15,6,1%,7.5,10,5,67%,2.5,33:27:00,6.9,345,7.3
SUMMER,S8,Elise Elise,17,4,1%,8.3,7,10,41%,2.2,31:49:00,4.9,311,-9.3
SUMMER,S8,Bard Bard,15,5,1%,7.8,6,9,40%,3.5,33:09:00,0.8,252,-14.6
SUMMER,S8,Veigar Veigar,8,10,1%,5.7,4,4,50%,4.4,33:08:00,8.1,476,3.2
SUMMER,S8,Yorick Yorick,7,7,1%,5,3,4,43%,1.3,40:38:00,9.5,481,7.4
SUMMER,S8,Kayle Kayle,7,7,1%,4.9,4,3,57%,3.2,31:07:00,12.6,435,40
SUMMER,S8,Illaoi Illaoi,6,7,1%,7.9,1,5,17%,0.7,28:13:00,8.3,532,9.7
SUMMER,S8,Zyra Zyra,11,1,1%,7,3,8,27%,1.2,30:17:00,0.9,378,-10.1
SUMMER,S8,Wukong Wukong,9,1,0%,8,6,3,67%,2.6,34:27:00,8.1,413,-18.3
SUMMER,S8,Katarina Katarina,3,3,0%,2.7,2,1,67%,3.9,28:26:00,7.7,457,-20.7
SUMMER,S8,Lux Lux,5,1,0%,9,2,3,40%,3.2,32:36:00,5.9,412,1.6
SUMMER,S8,Shyvana Shyvana,4,2,0%,7.5,2,2,50%,2.8,30:29:00,8.3,452,69.5
SUMMER,S8,Ivern Ivern,5,0,0%,-,2,3,40%,4.7,32:37:00,3.7,183,0
SUMMER,S8,Nasus Nasus,3,2,0%,8,2,1,67%,2.4,31:55:00,8.8,346,-22
SUMMER,S8,Warwick Warwick,1,4,0%,7.3,1,0,100%,7.5,25:01:00,5.3,465,8
SUMMER,S8,Jinx Jinx,4,1,0%,9,1,3,25%,2.5,35:47:00,10.8,627,-1.8
SUMMER,S8,Kayn Kayn,4,0,0%,-,1,3,25%,1.5,34:17:00,5.4,259,-79
SUMMER,S8,Twitch Twitch,3,1,0%,10,0,3,0%,1.4,32:36:00,9.7,618,-8
SUMMER,S8,Teemo Teemo,3,0,0%,-,3,0,100%,2.8,38:47:00,9.2,737,9.7
SUMMER,S8,Garen Garen,2,1,0%,1,0,2,0%,2.1,28:08:00,7.6,502,12
SUMMER,S8,Amumu Amumu,1,1,0%,3,0,1,0%,1,26:51:00,4.5,145,-45
SUMMER,S8,Udyr Udyr,1,1,0%,5,0,1,0%,4,27:32:00,4.7,120,11
SUMMER,S8,Pantheon Pantheon,1,1,0%,1,1,0,100%,4,32:47:00,5.4,96,-9
SUMMER,S8,Shaco Shaco,2,0,0%,-,2,0,100%,2.9,37:32:00,6.2,587,25.5
SUMMER,S8,Sona Sona,0,2,0%,5.5,,,,,0:00,,,
SUMMER,S8,Annie Annie,0,1,0%,5,,,,,0:00,,,
SUMMER,S8,Tryndamere Tryndamere,1,0,0%,-,1,0,100%,5,33:28:00,12.1,569,23
SUMMER,S8,Vi Vi,1,0,0%,-,0,1,0%,0.4,31:33:00,3.7,264,1
SUMMER,S8,Rammus Rammus,0,0,0%,-,,,,,0:00,,,
SUMMER,S8,Lilia Lilia,0,0,0%,-,,,,,0:00,,,
SUMMER,S8,Neeko Neeko,0,0,0%,-,,,,,0:00,,,
SUMMER,S8,Yuumi Yuumi,0,0,0%,-,,,,,0:00,,,
SUMMER,S8,Senna Senna,0,0,0%,-,,,,,0:00,,,
SUMMER,S8,Diana Diana,0,0,0%,-,,,,,0:00,,,
SUMMER,S8,Sett Sett,0,0,0%,-,,,,,0:00,,,
SUMMER,S8,Volibear Volibear,0,0,0%,-,,,,,0:00,,,
SUMMER,S8,Sylas Sylas,0,0,0%,-,,,,,0:00,,,
SUMMER,S8,Qiyana Qiyana,0,0,0%,-,,,,,0:00,,,
SUMMER,S8,Aphelios Aphelios,0,0,0%,-,,,,,0:00,,,
SPRING,S9,Lucian Lucian,667,1235,79%,4.2,343,324,51%,4.2,32:51:00,9.4,480,8.1
SPRING,S9,Lissandra Lissandra,798,814,67%,5,412,386,52%,3.4,32:41:00,8.5,429,1.4
SPRING,S9,Jayce Jayce,459,1080,64%,4.5,231,228,50%,2.9,32:46:00,8.5,545,10.1
SPRING,S9,Galio Galio,827,618,60%,4.7,417,410,50%,3.1,32:41:00,3.4,236,0.8
SPRING,S9,Zoe Zoe,506,934,60%,4.8,281,225,56%,4.6,33:30:00,8.3,592,0.4
SPRING,S9,Braum Braum,1045,357,58%,6.8,517,528,49%,3.3,33:20:00,2,136,6.7
SPRING,S9,Jarvan IV Jarvan IV,844,433,53%,5.5,401,443,48%,3.5,32:51:00,5.2,225,-3.2
SPRING,S9,Ryze Ryze,557,717,53%,5.2,246,311,44%,2.5,32:46:00,9.1,448,1.4
SPRING,S9,Ezreal Ezreal,819,408,51%,6.2,383,436,47%,4.3,33:38:00,9.1,660,-4
SPRING,S9,Thresh Thresh,596,624,51%,5.1,300,296,50%,3.1,33:16:00,0.9,133,-9.6
SPRING,S9,Alistar Alistar,735,464,50%,6.7,363,372,49%,2.7,32:37:00,1.7,122,2.1
SPRING,S9,Urgot Urgot,774,402,49%,4.7,405,369,52%,3.2,33:07:00,7.9,370,0.7
SPRING,S9,LeBlanc LeBlanc,362,803,48%,5.7,178,184,49%,4,33:15:00,7.9,489,-3.4
SPRING,S9,Irelia Irelia,325,827,48%,5,158,167,49%,2.5,32:14:00,8.8,371,8.4
SPRING,S9,Cassiopeia Cassiopeia,220,915,47%,3.8,112,108,51%,3.3,33:28:00,8.7,458,2.1
SPRING,S9,Kaisa Kaisa,846,243,45%,7.1,412,434,49%,4.2,32:24:00,9.5,457,-0.5
SPRING,S9,Sylas Sylas,360,704,44%,4.1,197,163,55%,3.2,32:22:00,7.9,411,-3.5
SPRING,S9,Aatrox Aatrox,499,546,43%,4.5,254,245,51%,3.2,33:23:00,7.8,368,2.8
SPRING,S9,Akali Akali,332,657,41%,4.3,166,166,50%,3.4,33:20:00,8.2,403,1.7
SPRING,S9,Vladimir Vladimir,469,500,40%,5.9,239,230,51%,3,32:41:00,8.5,492,-5.1
SPRING,S9,Tahm Kench Tahm Kench,580,335,38%,5.6,296,284,51%,2.8,33:39:00,2.1,112,6.2
SPRING,S9,Lee Sin Lee Sin,563,314,36%,6.6,275,288,49%,3.1,33:06:00,4.9,224,-2.8
SPRING,S9,RekSai RekSai,441,429,36%,5,231,210,52%,2.8,32:40:00,5.2,281,4.2
SPRING,S9,Kalista Kalista,334,494,34%,5,177,157,53%,3.7,32:45:00,9.4,393,6
SPRING,S9,Olaf Olaf,358,424,32%,6.7,183,175,51%,3.7,33:02:00,5.3,276,6.2
SPRING,S9,Yasuo Yasuo,193,539,30%,4.1,110,83,57%,2.8,32:02:00,9,364,6.2
SPRING,S9,Sion Sion,523,208,30%,6.5,258,265,49%,3.1,33:27:00,7.1,305,-7.9
SPRING,S9,Nocturne Nocturne,248,443,29%,6.7,126,122,51%,3.1,33:22:00,5.2,235,0
SPRING,S9,Morgana Morgana,287,402,29%,5.9,149,138,52%,3.2,32:36:00,1.6,241,-10.1
SPRING,S9,Yorick Yorick,226,452,28%,6.5,119,107,53%,2.2,32:23:00,8.7,447,-0.3
SPRING,S9,Sejuani Sejuani,417,252,28%,6.8,184,233,44%,3.5,32:49:00,4.8,218,-5.1
SPRING,S9,Gragas Gragas,378,258,26%,6.3,192,186,51%,3,32:42:00,4.1,287,-4.4
SPRING,S9,Syndra Syndra,314,316,26%,7.5,147,167,47%,3.2,34:17:00,8.7,494,5.8
SPRING,S9,Kennen Kennen,337,264,25%,7.2,183,154,54%,2.9,33:09:00,7.7,453,2.2
SPRING,S9,Rakan Rakan,338,245,24%,5.5,195,143,58%,4,32:21:00,0.5,150,-16.9
SPRING,S9,Karthus Karthus,174,403,24%,4.3,99,75,57%,3.2,34:17:00,6.6,568,13.8
SPRING,S9,Camille Camille,189,290,20%,5.7,95,94,50%,2.5,32:30:00,5.8,272,-4.9
SPRING,S9,Vayne Vayne,278,192,20%,6.3,139,139,50%,4,32:49:00,8.9,473,-4.5
SPRING,S9,Xin Zhao Xin Zhao,246,215,19%,7.3,102,144,41%,2.2,33:17:00,4.9,246,-0.4
SPRING,S9,Sivir Sivir,305,145,19%,7.8,141,164,46%,4.5,33:36:00,10.2,535,-1.9
SPRING,S9,Draven Draven,95,273,15%,3.9,65,30,68%,4.9,32:03:00,9.1,491,7.5
SPRING,S9,Corki Corki,235,132,15%,7.4,124,111,53%,4.2,33:08:00,9.7,601,4.9
SPRING,S9,KhaZix KhaZix,180,178,15%,7.3,95,85,53%,3.1,33:18:00,5.3,313,-0.6
SPRING,S9,Viktor Viktor,230,121,15%,7,93,137,40%,2.8,33:55:00,8.7,587,-4.4
SPRING,S9,Xayah Xayah,249,74,13%,7.2,137,112,55%,4.5,32:33:00,9.7,508,3.1
SPRING,S9,Varus Varus,190,120,13%,7.8,89,101,47%,3.2,33:10:00,9.3,477,4.4
SPRING,S9,Kindred Kindred,141,155,12%,6.4,69,72,49%,2.8,31:20:00,5.7,338,5.1
SPRING,S9,Tristana Tristana,202,83,12%,7.7,96,106,48%,3.8,32:28:00,9.6,461,0.6
SPRING,S9,Renekton Renekton,158,120,12%,8.1,79,79,50%,2.4,31:58:00,8.4,351,5.4
SPRING,S9,Neeko Neeko,114,162,11%,5.1,55,59,48%,2.7,32:37:00,8.6,461,3.1
SPRING,S9,Elise Elise,155,113,11%,6.8,76,79,49%,2.4,31:54:00,4.8,298,-4.8
SPRING,S9,Ashe Ashe,186,74,11%,7.5,96,90,52%,4.2,33:44:00,9.3,514,-0.9
SPRING,S9,Poppy Poppy,155,86,10%,8.3,81,74,52%,3,32:16:00,6.7,328,-6.5
SPRING,S9,Skarner Skarner,128,101,10%,6.4,81,47,63%,3.8,33:38:00,4.7,146,-0.3
SPRING,S9,Jax Jax,105,123,9%,7.8,49,56,47%,2.4,32:36:00,8,336,-1.3
SPRING,S9,Gangplank Gangplank,109,101,9%,8,58,51,53%,3.7,33:28:00,8.3,558,-4.9
SPRING,S9,Zac Zac,107,97,8%,7.7,54,53,50%,3.8,33:57:00,4.5,187,-9.6
SPRING,S9,Orianna Orianna,144,52,8%,7.7,71,73,49%,4.2,33:30:00,8.9,469,2.8
SPRING,S9,Taric Taric,49,138,8%,3.7,27,22,55%,4.7,31:22:00,3,96,31.3
SPRING,S9,Hecarim Hecarim,93,84,7%,6.7,53,40,57%,2.8,32:21:00,7.1,374,-3.6
SPRING,S9,Ornn Ornn,136,37,7%,7.5,64,72,47%,2.7,32:29:00,5.6,275,-5.4
SPRING,S9,Fiora Fiora,71,93,7%,8.2,38,33,54%,2,31:49:00,9.2,413,11.1
SPRING,S9,Kayle Kayle,57,92,6%,4.9,31,26,54%,3.5,31:04:00,8.6,492,-5.4
SPRING,S9,Azir Azir,92,54,6%,7.9,41,51,45%,3.6,33:28:00,9.3,500,-2.4
SPRING,S9,Caitlyn Caitlyn,88,48,6%,7.4,33,55,38%,3.3,33:01:00,9.4,519,2.6
SPRING,S9,Karma Karma,86,46,5%,5.7,26,60,30%,2.7,31:45:00,4.7,344,-13.8
SPRING,S9,Swain Swain,86,37,5%,6.8,44,42,51%,3.7,32:54:00,7.9,522,0.4
SPRING,S9,Nunu Nunu,67,56,5%,4.5,42,25,63%,3.3,31:58:00,5,197,-1.6
SPRING,S9,Zilean Zilean,67,55,5%,6.7,30,37,45%,4.8,32:42:00,3.9,298,-12.5
SPRING,S9,Taliyah Taliyah,71,49,5%,5.8,32,39,45%,3.1,33:09:00,7,437,-5.5
SPRING,S9,Riven Riven,61,59,5%,6.2,31,30,51%,2.9,32:42:00,7.8,301,-0.9
SPRING,S9,Jinx Jinx,88,27,5%,8,49,39,56%,4.4,32:08:00,9.9,574,2.7
SPRING,S9,Ivern Ivern,39,70,5%,5.3,21,18,54%,5.1,32:23:00,4.5,143,0.3
SPRING,S9,Nidalee Nidalee,38,65,4%,4.7,17,21,45%,2.6,30:35:00,6.1,382,17.8
SPRING,S9,Shen Shen,75,25,4%,7.6,38,37,51%,3.5,32:50:00,2.9,135,1.7
SPRING,S9,Pyke Pyke,70,29,4%,7.8,38,32,54%,3.7,33:32:00,2,203,1.7
SPRING,S9,Heimerdinger Heimerdinger,33,61,4%,4.1,22,11,67%,3.9,33:53:00,8.2,613,-1.2
SPRING,S9,Rumble Rumble,59,33,4%,7,29,30,49%,3,32:34:00,7.4,484,2.6
SPRING,S9,Zed Zed,50,42,4%,6.5,30,20,60%,3.6,31:04:00,8.5,473,4.3
SPRING,S9,Kassadin Kassadin,46,42,4%,7.4,22,24,48%,3.7,32:06:00,8.9,513,-6.6
SPRING,S9,Evelynn Evelynn,34,45,3%,5.7,16,18,47%,2.6,30:55:00,5.1,369,-2.8
SPRING,S9,Sona Sona,33,37,3%,3.9,22,11,67%,5.1,30:00:00,4,388,-67.6
SPRING,S9,Kayn Kayn,46,20,3%,7.5,24,22,52%,2.5,32:39:00,5.5,315,8.1
SPRING,S9,Lulu Lulu,38,25,3%,7.2,17,21,45%,3.7,31:04:00,4.4,229,-8.4
SPRING,S9,Kled Kled,27,35,3%,5.6,14,13,52%,3.5,31:34:00,7.7,366,-1.4
SPRING,S9,Nautilus Nautilus,42,15,2%,6.5,16,26,38%,2.1,30:50:00,3.3,191,3
SPRING,S9,KogMaw KogMaw,34,22,2%,6.9,18,16,53%,3.6,31:04:00,9.4,563,7.7
SPRING,S9,VelKoz VelKoz,37,17,2%,6.4,17,20,46%,3.9,34:40:00,8.3,571,-3.4
SPRING,S9,Leona Leona,38,13,2%,8.1,16,22,42%,2.8,32:47:00,1.9,122,13.4
SPRING,S9,Vi Vi,39,6,2%,5,16,23,41%,2.2,31:35:00,5,239,-0.1
SPRING,S9,Malzahar Malzahar,22,23,2%,5.6,10,12,45%,2.4,33:17:00,7.8,497,-11.5
SPRING,S9,Gnar Gnar,36,7,2%,8.3,18,18,50%,3.1,34:32:00,8.2,367,1
SPRING,S9,Chogath Chogath,33,9,2%,7.6,12,21,36%,1.5,32:03:00,7.3,322,-4.7
SPRING,S9,Fiddlesticks Fiddlesticks,25,17,2%,7.9,11,14,44%,2.4,33:44:00,0.7,210,-9.7
SPRING,S9,Trundle Trundle,34,7,2%,9.3,17,17,50%,3.4,32:35:00,4.4,175,-1.7
SPRING,S9,Ahri Ahri,24,17,2%,4.2,8,16,33%,3.6,29:59:00,7.9,415,-13
SPRING,S9,Rengar Rengar,11,29,2%,2.9,5,6,45%,3.4,33:53:00,5.7,302,4.8
SPRING,S9,Darius Darius,15,23,2%,7.3,5,10,33%,1.5,29:22:00,8.2,311,12.5
SPRING,S9,Soraka Soraka,26,12,2%,7.9,11,15,42%,3,31:34:00,0.6,206,-14.8
SPRING,S9,Aurelion Sol Aurelion Sol,17,15,1%,5.9,7,10,41%,2.9,31:03:00,8.2,452,-14.5
SPRING,S9,Malphite Malphite,18,13,1%,8.7,9,9,50%,3.5,33:02:00,6.6,375,-21.6
SPRING,S9,Miss Fortune Miss Fortune,24,7,1%,4.1,11,13,46%,3.2,30:43:00,8.7,561,9.5
SPRING,S9,Blitzcrank Blitzcrank,16,10,1%,8,9,7,56%,3,29:45:00,1.5,170,-5.2
SPRING,S9,Talon Talon,10,15,1%,5.4,4,6,40%,2.9,31:30:00,8.3,365,-5.4
SPRING,S9,Janna Janna,19,6,1%,8.2,7,12,37%,2.3,32:22:00,0.5,185,-16.4
SPRING,S9,Graves Graves,18,4,1%,4.8,5,13,28%,2,32:30:00,6,330,6.5
SPRING,S9,Ziggs Ziggs,11,8,1%,6.4,4,7,36%,2.4,31:06:00,8.8,544,-10
SPRING,S9,Jhin Jhin,15,3,1%,8.7,6,9,40%,4.5,32:55:00,9,521,-0.5
SPRING,S9,Veigar Veigar,12,5,1%,3.2,4,8,33%,1.9,30:30:00,7.4,366,-13
SPRING,S9,Nami Nami,12,4,1%,6.5,5,7,42%,2.8,32:38:00,0.9,194,-9.2
SPRING,S9,Xerath Xerath,7,8,1%,8.6,4,3,57%,7.7,34:03:00,8.8,709,6.9
SPRING,S9,Ekko Ekko,11,4,1%,7,4,7,36%,3,33:09:00,8.3,361,-1.7
SPRING,S9,Fizz Fizz,8,7,1%,7.7,2,6,25%,2.4,30:41:00,7.1,342,-22.4
SPRING,S9,Pantheon Pantheon,9,5,1%,4.4,3,6,33%,1.3,31:31:00,4.8,237,27.2
SPRING,S9,Zyra Zyra,6,8,1%,4,2,4,33%,2.1,37:47:00,1,379,-13.7
SPRING,S9,Maokai Maokai,12,1,1%,10,3,9,25%,1.2,31:48:00,6.2,361,-26.2
SPRING,S9,Bard Bard,6,7,1%,6.3,4,2,67%,3.7,31:58:00,0.8,272,-19.4
SPRING,S9,Katarina Katarina,6,7,1%,5.6,1,5,17%,1.4,21:18,5,292,-38.6
SPRING,S9,Twitch Twitch,10,2,0%,9.5,7,3,70%,6,29:41:00,8.4,542,1.7
SPRING,S9,Illaoi Illaoi,7,3,0%,6,2,5,29%,1.9,34:20:00,8.5,678,16.4
SPRING,S9,Lux Lux,5,3,0%,5,3,2,60%,5.8,28:20:00,5.1,444,-4.6
SPRING,S9,Twisted Fate Twisted Fate,4,3,0%,5.7,1,3,25%,2.2,30:52:00,8.8,344,-4.7
SPRING,S9,Anivia Anivia,3,4,0%,9,0,3,0%,3.6,35:40:00,9.6,375,0.3
SPRING,S9,Udyr Udyr,1,6,0%,3.3,0,1,0%,0.7,30:46:00,6.6,161,-9
SPRING,S9,Mordekaiser Mordekaiser,2,5,0%,6.2,2,0,100%,6.5,30:37:00,7,593,-12
SPRING,S9,Dr. Mundo Dr. Mundo,6,1,0%,10,0,6,0%,1.8,34:03:00,7.9,366,-8.7
SPRING,S9,Shyvana Shyvana,4,3,0%,4.7,2,2,50%,1.4,24:37:00,6.5,383,-16
SPRING,S9,Annie Annie,3,3,0%,7.7,1,2,33%,1.2,34:14:00,3.1,236,-45.3
SPRING,S9,Warwick Warwick,5,0,0%,-,1,4,20%,2,28:14:00,4.4,191,-6.4
SPRING,S9,Amumu Amumu,0,5,0%,3.8,,,,,0:00,,,
SPRING,S9,Nasus Nasus,4,0,0%,-,2,2,50%,0.9,29:04:00,8.9,408,-2
SPRING,S9,Diana Diana,2,2,0%,5,1,1,50%,3,31:34:00,8,249,-20.5
SPRING,S9,Tryndamere Tryndamere,1,2,0%,9.5,0,1,0%,1.5,28:38:00,9.4,405,3
SPRING,S9,Volibear Volibear,2,1,0%,10,1,1,50%,4,28:57:00,7.5,374,1.5
SPRING,S9,Teemo Teemo,1,1,0%,3,1,0,100%,9,28:23:00,8.7,678,50
SPRING,S9,Brand Brand,2,0,0%,-,0,2,0%,1.2,25:44:00,0.3,352,-20
SPRING,S9,Quinn Quinn,1,0,0%,-,1,0,100%,8.5,21:38,6.6,665,28
SPRING,S9,Shaco Shaco,1,0,0%,-,0,1,0%,0.8,28:40:00,5,184,-5
SPRING,S9,Rammus Rammus,1,0,0%,-,1,0,100%,-,27:12:00,6.1,143,0
SPRING,S9,Qiyana Qiyana,0,0,0%,-,,,,,0:00,,,
SPRING,S9,Aphelios Aphelios,0,0,0%,-,,,,,0:00,,,
SPRING,S9,Garen Garen,0,0,0%,-,,,,,0:00,,,
SPRING,S9,Lilia Lilia,0,0,0%,-,,,,,0:00,,,
SPRING,S9,Singed Singed,0,0,0%,-,,,,,0:00,,,
SPRING,S9,Yuumi Yuumi,0,0,0%,-,,,,,0:00,,,
SPRING,S9,Senna Senna,0,0,0%,-,,,,,0:00,,,
SPRING,S9,Sett Sett,0,0,0%,-,,,,,0:00,,,
SPRING,S9,Master Yi Master Yi,0,0,0%,-,,,,,0:00,,,
SPRING,S9,Wukong Wukong,0,0,0%,-,,,,,0:00,,,
SUMMER,S9,Aatrox Aatrox,947,1130,81%,4.4,498,449,53%,2.7,32:15:00,8,371,0.9
SUMMER,S9,Yuumi Yuumi,569,1457,79%,3.8,304,265,53%,6.3,31:37:00,0.5,365,-13.7
SUMMER,S9,Irelia Irelia,451,1307,68%,4.3,211,240,47%,2.5,31:58:00,8.7,344,7.7
SUMMER,S9,Sejuani Sejuani,752,979,67%,5,357,395,47%,3.7,32:32:00,4.8,222,-4.2
SUMMER,S9,Sylas Sylas,846,851,66%,4.5,444,402,52%,3,32:15:00,6.9,399,-1
SUMMER,S9,Xayah Xayah,963,610,61%,4.6,507,456,53%,4.1,33:00:00,9.7,490,4.1
SUMMER,S9,Karma Karma,455,1105,61%,3.8,219,236,48%,3.7,32:28:00,5.7,344,-6.1
SUMMER,S9,Akali Akali,546,798,52%,5.1,284,262,52%,3.4,32:46:00,8.2,417,1.1
SUMMER,S9,Jarvan IV Jarvan IV,824,499,51%,6.6,388,436,47%,3.4,32:45:00,4.7,187,-2.7
SUMMER,S9,Nautilus Nautilus,726,471,47%,6.5,331,395,46%,2.3,32:39:00,2,151,10
SUMMER,S9,Olaf Olaf,383,810,46%,5.2,198,185,52%,2.9,32:18:00,5.3,289,7.7
SUMMER,S9,Gragas Gragas,647,533,46%,5.6,339,308,52%,3.1,32:48:00,4.4,324,-3.9
SUMMER,S9,Neeko Neeko,509,620,44%,5.2,241,268,47%,2.6,32:54:00,7.8,385,1.9
SUMMER,S9,Ezreal Ezreal,738,386,44%,6,346,392,47%,3.8,32:49:00,9.2,653,-2.4
SUMMER,S9,Corki Corki,672,412,42%,5.8,346,326,51%,3.8,33:07:00,9.4,588,3.9
SUMMER,S9,Sivir Sivir,634,433,42%,6.4,305,329,48%,4,32:23:00,10,530,4.6
SUMMER,S9,Azir Azir,522,532,41%,5.7,263,259,50%,3.2,32:49:00,9.2,506,5.8
SUMMER,S9,Rakan Rakan,745,305,41%,6.7,415,330,56%,3.9,32:46:00,0.6,154,-13.6
SUMMER,S9,Tahm Kench Tahm Kench,628,397,40%,5,309,319,49%,2.9,32:41:00,2.5,138,18.3
SUMMER,S9,Jayce Jayce,384,607,39%,5.1,187,197,49%,2.6,32:31:00,8.4,517,6.3
SUMMER,S9,Kaisa Kaisa,790,199,38%,7.4,382,408,48%,3.9,32:04:00,9.3,453,-1.6
SUMMER,S9,Renekton Renekton,475,499,38%,6.2,236,239,50%,2.6,32:14:00,8.1,346,6.4
SUMMER,S9,Lux Lux,506,404,35%,4.7,266,240,53%,3.9,32:42:00,1.1,230,-10.7
SUMMER,S9,Qiyana Qiyana,266,642,35%,4.2,164,102,62%,3.5,32:23:00,7.1,458,-5.9
SUMMER,S9,Lucian Lucian,542,296,33%,7.5,281,261,52%,3.6,32:31:00,9.3,449,7.2
SUMMER,S9,Elise Elise,319,411,28%,6,184,135,58%,2.9,31:56:00,4.9,322,-2.9
SUMMER,S9,Kennen Kennen,387,333,28%,7.8,173,214,45%,2.3,32:52:00,7.8,434,2.5
SUMMER,S9,Ryze Ryze,327,381,28%,4.9,156,171,48%,2.5,32:18:00,9.1,433,4.3
SUMMER,S9,Vladimir Vladimir,330,360,27%,6.3,170,160,52%,3.2,32:17:00,8.3,516,-2.9
SUMMER,S9,Gangplank Gangplank,345,319,26%,7.1,189,156,55%,3.7,33:17:00,8.3,563,-4.1
SUMMER,S9,Camille Camille,340,310,25%,7.2,181,159,53%,2.8,32:27:00,8,389,-6.9
SUMMER,S9,Braum Braum,465,156,24%,8.2,227,238,49%,3.3,33:10:00,2,135,5.2
SUMMER,S9,Yasuo Yasuo,223,398,24%,5.4,109,114,49%,2.5,31:53:00,8.7,335,1.2
SUMMER,S9,Lee Sin Lee Sin,418,175,23%,7,204,214,49%,3.1,31:57:00,4.9,223,-0.9
SUMMER,S9,LeBlanc LeBlanc,175,411,23%,7.4,82,93,47%,4.1,32:45:00,7.7,479,2
SUMMER,S9,Skarner Skarner,263,317,23%,6.1,155,108,59%,3.6,33:03:00,4.8,140,0.7
SUMMER,S9,RekSai RekSai,307,243,21%,7.1,148,159,48%,2.7,32:58:00,5,244,2.9
SUMMER,S9,Sona Sona,158,364,20%,3.9,78,80,49%,4.2,32:02:00,4.9,378,-71.4
SUMMER,S9,Morgana Morgana,216,281,19%,7,117,99,54%,3.9,33:32:00,1.5,218,-7
SUMMER,S9,Thresh Thresh,270,191,18%,7.5,149,121,55%,3.6,33:17:00,0.5,126,-10
SUMMER,S9,Syndra Syndra,201,229,17%,5.9,101,100,50%,3.1,33:54:00,8.5,482,6.7
SUMMER,S9,Pyke Pyke,241,188,17%,5.7,112,129,46%,2.7,31:46:00,2.9,196,-0.6
SUMMER,S9,Varus Varus,268,153,16%,7.5,133,135,50%,3.6,33:03:00,9.3,496,9.9
SUMMER,S9,Zoe Zoe,191,217,16%,6.9,82,109,43%,3.6,32:39:00,7.8,523,-0.5
SUMMER,S9,Rumble Rumble,201,202,16%,5.5,93,108,46%,2.9,32:12:00,7.1,470,-4.8
SUMMER,S9,Karthus Karthus,132,250,15%,4.7,55,77,42%,2.7,33:02:00,6.1,507,16.9
SUMMER,S9,Alistar Alistar,222,147,14%,8.4,107,115,48%,2.5,32:24:00,1.6,126,6.7
SUMMER,S9,Taliyah Taliyah,183,160,13%,5.6,92,91,50%,3.3,32:01:00,6.9,445,-2.7
SUMMER,S9,Gnar Gnar,235,87,13%,7.7,116,119,49%,2.7,33:11:00,7.6,386,-1.2
SUMMER,S9,Caitlyn Caitlyn,175,128,12%,7.1,87,88,50%,3.7,32:11:00,9.3,528,12.9
SUMMER,S9,Tristana Tristana,172,122,11%,5.2,76,96,44%,3.2,32:51:00,9,458,2.2
SUMMER,S9,Draven Draven,72,196,10%,4.3,42,30,58%,4.6,32:44:00,9,484,10.1
SUMMER,S9,Kalista Kalista,106,154,10%,6.2,52,54,49%,3.8,31:05:00,9.4,345,8.9
SUMMER,S9,Mordekaiser Mordekaiser,98,155,10%,5.3,49,49,50%,2.4,32:20:00,7.5,412,-5.9
SUMMER,S9,Xin Zhao Xin Zhao,145,90,9%,7.7,62,83,43%,2.2,32:31:00,4.9,255,-0.2
SUMMER,S9,Twisted Fate Twisted Fate,86,140,9%,5.5,47,39,55%,3.9,31:49:00,8.2,401,-5.9
SUMMER,S9,Trundle Trundle,155,67,9%,7.9,82,73,53%,3.5,33:32:00,4.5,163,-2
SUMMER,S9,Poppy Poppy,132,80,8%,7.1,61,71,46%,2.7,32:08:00,6.5,323,-8.9
SUMMER,S9,Kled Kled,120,88,8%,7.8,60,60,50%,3,31:31:00,7.4,331,-10.4
SUMMER,S9,Ashe Ashe,132,75,8%,8,67,65,51%,3.6,33:08:00,9,496,1
SUMMER,S9,Pantheon Pantheon,38,166,8%,3.1,14,24,37%,2,29:28:00,4.9,320,7.5
SUMMER,S9,Cassiopeia Cassiopeia,112,85,8%,5.9,54,58,48%,2.7,32:16:00,8.6,434,5
SUMMER,S9,Galio Galio,130,57,7%,7.6,62,68,48%,2.9,33:07:00,3,198,5.6
SUMMER,S9,Fiora Fiora,67,102,7%,7.1,30,37,45%,2.1,31:12:00,9,447,8.1
SUMMER,S9,Kindred Kindred,77,86,6%,6.2,36,41,47%,2.6,31:39:00,5.7,343,6.1
SUMMER,S9,Volibear Volibear,86,57,6%,6.5,36,50,42%,2.3,31:55:00,2.1,155,12.1
SUMMER,S9,Jax Jax,67,72,5%,7.3,31,36,46%,2.3,32:48:00,8.1,343,-3.4
SUMMER,S9,Viktor Viktor,93,42,5%,7.5,43,50,46%,2.4,33:29:00,8.4,548,-5.4
SUMMER,S9,Leona Leona,96,33,5%,7.6,44,52,46%,2.4,32:01:00,1.9,123,7.9
SUMMER,S9,Vayne Vayne,79,35,4%,7.1,40,39,51%,3,32:12:00,8.5,450,3.8
SUMMER,S9,Zed Zed,54,43,4%,8,25,29,46%,2.3,31:06:00,7.8,469,-5.8
SUMMER,S9,Ornn Ornn,71,25,4%,7,34,37,48%,3.3,33:10:00,6.1,320,-11.7
SUMMER,S9,Nocturne Nocturne,52,42,4%,6.2,21,31,40%,2.5,33:25:00,5.3,292,3.1
SUMMER,S9,Jinx Jinx,74,19,4%,7.2,39,35,53%,4.3,32:22:00,10.2,542,8.2
SUMMER,S9,Taric Taric,60,33,4%,5.8,25,35,42%,3.7,31:27:00,3.1,79,30.6
SUMMER,S9,Hecarim Hecarim,43,42,3%,6.5,18,25,42%,2.5,32:06:00,5.9,319,-0.5
SUMMER,S9,Heimerdinger Heimerdinger,24,60,3%,3.5,16,8,67%,4.3,34:03:00,7.9,589,-8.2
SUMMER,S9,VelKoz VelKoz,48,33,3%,6.7,25,23,52%,4.9,34:26:00,7.7,585,-4.5
SUMMER,S9,Kayle Kayle,29,52,3%,5.2,14,15,48%,2.5,32:11:00,8.4,406,-7.2
SUMMER,S9,Orianna Orianna,61,19,3%,9.4,30,31,49%,3.6,33:37:00,8.5,455,5.2
SUMMER,S9,Lissandra Lissandra,58,20,3%,8.2,26,32,45%,2.8,33:26:00,8.1,412,1.8
SUMMER,S9,Veigar Veigar,45,32,3%,6.4,23,22,51%,4.2,32:00:00,7.9,456,2.2
SUMMER,S9,Riven Riven,26,47,3%,5.1,10,16,38%,2.8,30:41:00,8.4,365,4.7
SUMMER,S9,Sion Sion,64,9,3%,8.3,33,31,52%,2.5,33:29:00,6.7,321,-15.7
SUMMER,S9,Shen Shen,52,15,3%,7.9,26,26,50%,2.8,30:49:00,4.6,206,-8.9
SUMMER,S9,Talon Talon,22,43,3%,5.4,9,13,41%,2.2,31:26:00,7.9,452,-11.2
SUMMER,S9,Zilean Zilean,30,33,2%,7.6,13,17,43%,4.4,32:10:00,5.1,369,-5.8
SUMMER,S9,Nidalee Nidalee,29,33,2%,4.5,14,15,48%,3.5,30:28:00,6,418,17.2
SUMMER,S9,Yorick Yorick,24,31,2%,8.5,11,13,46%,1.5,31:48:00,8.1,398,-5.9
SUMMER,S9,KhaZix KhaZix,35,19,2%,5.9,21,14,60%,2.7,32:19:00,5.5,308,2.1
SUMMER,S9,Kassadin Kassadin,20,28,2%,7.8,8,12,40%,2.9,31:22:00,8.7,431,-3.1
SUMMER,S9,Ahri Ahri,27,20,2%,5.5,14,13,52%,3.1,32:02:00,7.9,435,0.7
SUMMER,S9,Garen Garen,34,7,2%,8.1,21,13,62%,4.3,33:29:00,6.9,227,-16.1
SUMMER,S9,Chogath Chogath,31,10,2%,4.9,18,13,58%,3,32:36:00,6.7,347,-5.2
SUMMER,S9,Swain Swain,24,17,2%,4.4,9,15,38%,3.1,29:15:00,6.9,469,-7.1
SUMMER,S9,Nunu Nunu,22,18,2%,5.2,9,13,41%,3.1,34:28:00,4.7,175,3
SUMMER,S9,Urgot Urgot,30,10,2%,8.3,18,12,60%,3.1,35:41:00,7.4,390,0.1
SUMMER,S9,Lulu Lulu,30,9,2%,7.7,9,21,30%,3.3,31:45:00,5.6,272,-6.4
SUMMER,S9,Fiddlesticks Fiddlesticks,19,19,1%,6.6,9,10,47%,2.2,31:51:00,0.6,256,-2.8
SUMMER,S9,Blitzcrank Blitzcrank,19,18,1%,8.8,8,11,42%,2.2,34:31:00,1.1,157,1.7
SUMMER,S9,Ekko Ekko,28,9,1%,6.7,18,10,64%,2.8,31:11:00,7.4,379,-11
SUMMER,S9,Bard Bard,29,8,1%,7.6,15,14,52%,2.9,32:12:00,0.6,276,-14.3
SUMMER,S9,Anivia Anivia,13,17,1%,5.7,6,7,46%,2.9,34:39:00,8.7,281,-1.5
SUMMER,S9,Evelynn Evelynn,14,15,1%,5.4,8,6,57%,3.9,30:58:00,5,459,0.7
SUMMER,S9,Vi Vi,23,5,1%,8.4,10,13,43%,2,30:13:00,5,232,2.2
SUMMER,S9,Xerath Xerath,17,8,1%,6.5,8,9,47%,3.3,35:26:00,7.4,724,-2.9
SUMMER,S9,Rengar Rengar,10,13,1%,3,5,5,50%,2.3,32:58:00,6.1,303,18
SUMMER,S9,Quinn Quinn,11,11,1%,5.7,4,7,36%,2.3,32:28:00,8.4,514,1.4
SUMMER,S9,Ivern Ivern,9,13,1%,5.9,7,2,78%,7.1,35:11:00,3.8,155,-5.6
SUMMER,S9,Kayn Kayn,14,6,1%,5.8,4,10,29%,2.1,32:49:00,5.3,365,-0.2
SUMMER,S9,KogMaw KogMaw,15,5,1%,7.4,9,6,60%,3.9,33:25:00,9.2,756,6.8
SUMMER,S9,Miss Fortune Miss Fortune,11,8,1%,8.5,8,3,73%,7.2,34:32:00,8.8,703,-1.4
SUMMER,S9,Ziggs Ziggs,13,4,1%,7.3,7,6,54%,4.8,34:29:00,8.8,778,4.2
SUMMER,S9,Diana Diana,7,9,1%,7.3,2,5,29%,1.8,32:35:00,7.9,516,-14.4
SUMMER,S9,Aurelion Sol Aurelion Sol,5,11,1%,3.3,0,5,0%,1.3,28:39:00,7.3,431,-35.2
SUMMER,S9,Malzahar Malzahar,10,6,1%,5.8,6,4,60%,2.8,33:04:00,7.3,384,-16.7
SUMMER,S9,Zac Zac,12,4,1%,7.8,3,9,25%,2.4,33:04:00,4.4,197,-8.5
SUMMER,S9,Darius Darius,9,7,1%,7,4,5,44%,3,31:46:00,7.9,340,12.6
SUMMER,S9,Illaoi Illaoi,6,9,1%,5.9,3,3,50%,1.6,39:28:00,7.4,561,3.3
SUMMER,S9,Jhin Jhin,12,3,1%,7.7,7,5,58%,4.4,32:50:00,9.2,573,4.4
SUMMER,S9,Malphite Malphite,11,3,1%,7,4,7,36%,2,31:04:00,5.8,343,-14.6
SUMMER,S9,Graves Graves,12,1,1%,8,9,3,75%,4,30:19:00,6.5,419,14.1
SUMMER,S9,Nami Nami,11,2,1%,8,5,6,45%,4.3,31:43:00,0.4,142,-11.8
SUMMER,S9,Soraka Soraka,5,5,0%,7,3,2,60%,4.1,32:50:00,1.9,227,-31
SUMMER,S9,Maokai Maokai,7,2,0%,6,4,3,57%,2.6,29:41:00,6.1,401,-11.3
SUMMER,S9,Katarina Katarina,1,7,0%,4.1,0,1,0%,0.3,24:08:00,7.3,191,-33
SUMMER,S9,Fizz Fizz,7,1,0%,10,2,5,29%,2.2,37:58:00,6.6,400,-8.3
SUMMER,S9,Zyra Zyra,6,1,0%,7,2,4,33%,1.9,32:15:00,0.8,301,-10.8
SUMMER,S9,Shyvana Shyvana,4,2,0%,7,1,3,25%,4.3,31:21:00,6.1,681,8.7
SUMMER,S9,Udyr Udyr,0,5,0%,6.4,,,,,0:00,,,
SUMMER,S9,Janna Janna,5,0,0%,-,4,1,80%,5.5,30:24:00,0.6,253,-20.8
SUMMER,S9,Tryndamere Tryndamere,2,2,0%,1.5,1,1,50%,2.2,24:33:00,7.2,336,15
SUMMER,S9,Annie Annie,3,1,0%,5,2,1,67%,3.8,24:59:00,8.1,475,35.3
SUMMER,S9,Twitch Twitch,4,0,0%,-,4,0,100%,6.2,25:13:00,7.3,915,29.5
SUMMER,S9,Shaco Shaco,2,2,0%,6.5,0,2,0%,2.5,38:10:00,3.2,501,1.5
SUMMER,S9,Teemo Teemo,4,0,0%,-,1,3,25%,0.9,28:58:00,8.2,452,-3.5
SUMMER,S9,Brand Brand,3,1,0%,7,1,2,33%,2.4,25:02:00,1,268,3
SUMMER,S9,Amumu Amumu,0,3,0%,7,,,,,0:00,,,
SUMMER,S9,Dr. Mundo Dr. Mundo,3,0,0%,-,2,1,67%,3,33:04:00,6.4,424,-21
SUMMER,S9,Wukong Wukong,3,0,0%,-,1,2,33%,1.9,26:37:00,6.6,591,-13.3
SUMMER,S9,Singed Singed,1,1,0%,6,1,0,100%,2.6,26:48:00,8.3,439,7
SUMMER,S9,Warwick Warwick,2,0,0%,-,2,0,100%,1.5,25:08:00,4.7,388,-15
SUMMER,S9,Rammus Rammus,2,0,0%,-,2,0,100%,3.5,32:15:00,3.1,295,-22
SUMMER,S9,Master Yi Master Yi,2,0,0%,-,0,2,0%,0.7,30:59:00,6.2,339,-20
SUMMER,S9,Nasus Nasus,0,1,0%,7,,,,,0:00,,,
SUMMER,S9,Sett Sett,0,0,0%,-,,,,,0:00,,,
SUMMER,S9,Aphelios Aphelios,0,0,0%,-,,,,,0:00,,,
SUMMER,S9,Lilia Lilia,0,0,0%,-,,,,,0:00,,,
SUMMER,S9,Senna Senna,0,0,0%,-,,,,,0:00,,,
SPRING,S10,Aphelios Aphelios,1101,1295,86%,3.8,612,489,56%,4.2,33:19:00,9.3,557,2.6
SPRING,S10,Sett Sett,962,1386,84%,4.2,510,452,53%,2.6,33:16:00,6.4,378,1.4
SPRING,S10,Ornn Ornn,983,1083,74%,4.8,491,492,50%,3.2,33:27:00,6.8,361,-8.8
SPRING,S10,Senna Senna,588,1232,65%,4.1,298,290,51%,5,33:22:00,4,443,-4.5
SPRING,S10,Syndra Syndra,587,1089,60%,4.7,319,268,54%,3.6,33:41:00,8.5,525,8.5
SPRING,S10,LeBlanc LeBlanc,460,1169,58%,5.9,251,209,55%,4.8,33:34:00,7.7,531,2
SPRING,S10,Jarvan IV Jarvan IV,877,750,58%,5.3,429,448,49%,3.5,33:16:00,4.7,178,-4
SPRING,S10,Miss Fortune Miss Fortune,1228,336,56%,5.8,621,607,51%,4.3,33:13:00,9.7,508,3
SPRING,S10,Nautilus Nautilus,1022,465,53%,7.6,503,519,49%,2.4,33:12:00,1.4,152,-0.1
SPRING,S10,Thresh Thresh,805,681,53%,6.4,434,371,54%,3.6,33:28:00,1.1,126,1
SPRING,S10,Aatrox Aatrox,919,421,48%,7.4,462,457,50%,2.7,33:16:00,7.7,393,3.8
SPRING,S10,Varus Varus,762,549,47%,5.1,386,376,51%,3.7,33:12:00,9,569,6.2
SPRING,S10,Elise Elise,435,846,46%,4.4,211,224,49%,2.9,33:04:00,5.1,314,-4.8
SPRING,S10,Zoe Zoe,531,720,45%,5.6,262,269,49%,4.3,33:34:00,7.8,569,0.2
SPRING,S10,Lee Sin Lee Sin,791,432,44%,6.1,367,424,46%,2.9,33:15:00,5,227,-2.3
SPRING,S10,Olaf Olaf,411,756,42%,5.5,205,206,50%,2.9,33:05:00,5.6,311,9
SPRING,S10,Kalista Kalista,443,685,40%,4.2,223,220,50%,3.7,32:22:00,9.4,430,7.3
SPRING,S10,Gragas Gragas,570,547,40%,5.5,295,275,52%,3.2,34:05:00,5,324,-2.8
SPRING,S10,Renekton Renekton,539,548,39%,5.8,280,259,52%,2.6,33:02:00,7.9,357,8.3
SPRING,S10,Braum Braum,767,290,38%,8.2,379,388,49%,3.6,33:23:00,1,139,1.4
SPRING,S10,Azir Azir,509,431,34%,6.4,234,275,46%,3.3,33:15:00,9.2,527,4.8
SPRING,S10,Pantheon Pantheon,272,660,33%,4.3,135,137,50%,2.6,33:02:00,6.1,331,-6.9
SPRING,S10,Rumble Rumble,351,553,32%,4.9,159,192,45%,3.3,33:27:00,6.8,519,-5.8
SPRING,S10,Tahm Kench Tahm Kench,553,332,32%,6.6,289,264,52%,3.4,33:31:00,2.5,141,-3.7
SPRING,S10,Trundle Trundle,558,313,31%,5.7,288,270,52%,4.1,33:09:00,4.7,184,-4.9
SPRING,S10,Mordekaiser Mordekaiser,405,459,31%,6.6,200,205,49%,2.1,33:16:00,7.5,460,-4.6
SPRING,S10,Yuumi Yuumi,275,573,30%,4.8,139,136,51%,6.3,32:59:00,0.4,286,-11.4
SPRING,S10,Lucian Lucian,256,586,30%,4.8,105,151,41%,3,33:23:00,8.9,505,9.8
SPRING,S10,RekSai RekSai,464,368,30%,6.3,246,218,53%,2.9,33:25:00,5.3,250,3.6
SPRING,S10,Akali Akali,195,606,29%,3.8,106,89,54%,3.3,32:46:00,7.8,450,-1
SPRING,S10,Sejuani Sejuani,487,287,28%,6.4,231,256,47%,3.6,33:12:00,5,221,-2.6
SPRING,S10,Cassiopeia Cassiopeia,339,428,27%,6,182,157,54%,3.2,32:54:00,8.6,458,3.2
SPRING,S10,Gangplank Gangplank,372,348,26%,6.5,186,186,50%,3.6,34:30:00,8.3,580,-2.8
SPRING,S10,Ezreal Ezreal,491,143,23%,6.5,232,259,47%,3.7,33:24:00,9.1,652,-3
SPRING,S10,Leona Leona,382,234,22%,8,179,203,47%,2.3,32:59:00,1.1,118,1.1
SPRING,S10,Irelia Irelia,185,397,21%,5.9,86,99,46%,2.1,33:10:00,8.6,374,12.1
SPRING,S10,Rakan Rakan,371,162,19%,6.6,196,175,53%,3.9,33:34:00,1.1,143,1
SPRING,S10,Taric Taric,338,188,19%,6.7,170,168,50%,3.6,32:03:00,1.3,96,-0.7
SPRING,S10,Sylas Sylas,291,191,17%,7.2,131,160,45%,2.7,32:49:00,7,431,-8.1
SPRING,S10,Qiyana Qiyana,176,290,17%,5.6,101,75,57%,3.4,33:07:00,6.8,414,-9.1
SPRING,S10,Soraka Soraka,97,332,15%,4,50,47,52%,4.4,33:12:00,4.7,238,-20.4
SPRING,S10,Xayah Xayah,273,153,15%,5.4,125,148,46%,3.6,34:01:00,9.5,480,-1.6
SPRING,S10,Karthus Karthus,121,242,13%,4.8,61,60,50%,3.2,33:33:00,7,607,25
SPRING,S10,Ekko Ekko,200,152,13%,7,108,92,54%,3.8,32:57:00,7.5,414,2.3
SPRING,S10,Yasuo Yasuo,103,233,12%,5.9,51,52,50%,2.7,32:12:00,8.4,371,4.5
SPRING,S10,Orianna Orianna,209,115,12%,8.6,92,117,44%,3.9,33:42:00,8.5,493,2.1
SPRING,S10,Corki Corki,225,97,12%,7.9,108,117,48%,4.2,33:44:00,9.3,644,1.8
SPRING,S10,Ziggs Ziggs,159,141,11%,4.5,71,88,45%,3.9,34:02:00,8.8,733,2.5
SPRING,S10,Vladimir Vladimir,145,147,10%,7.5,76,69,52%,3.3,32:56:00,8.4,566,-0.2
SPRING,S10,Ryze Ryze,166,125,10%,7.3,80,86,48%,2.8,32:04:00,9.4,501,6.8
SPRING,S10,Kassadin Kassadin,105,186,10%,7.9,49,56,47%,4.3,30:41:00,8.8,488,-6
SPRING,S10,Camille Camille,143,146,10%,8.2,67,76,47%,2.6,32:22:00,8.1,409,-3.1
SPRING,S10,Jayce Jayce,155,111,10%,5.8,75,80,48%,2.8,32:08:00,8.4,616,8.5
SPRING,S10,Blitzcrank Blitzcrank,131,132,9%,6.3,64,67,49%,2.8,33:25:00,1,162,0.5
SPRING,S10,Graves Graves,126,126,9%,4.9,71,55,56%,4.1,32:05:00,6.8,392,11.2
SPRING,S10,Viktor Viktor,179,73,9%,8,84,95,47%,3.4,34:17:00,8.8,601,1.3
SPRING,S10,Diana Diana,113,125,9%,6.8,52,61,46%,2.4,32:02:00,8.1,442,-1.9
SPRING,S10,Bard Bard,151,87,9%,7.7,92,59,61%,4.9,32:52:00,1.2,214,-2.2
SPRING,S10,Maokai Maokai,182,55,8%,7.9,85,97,47%,2.7,32:20:00,6.2,427,-13.2
SPRING,S10,Taliyah Taliyah,103,131,8%,5.4,49,54,48%,3.8,32:32:00,6.7,492,-0.8
SPRING,S10,Galio Galio,132,100,8%,6.6,69,63,52%,3.8,31:59:00,6.3,354,-9.3
SPRING,S10,Kaisa Kaisa,194,36,8%,8.4,82,112,42%,3.8,31:56:00,9.3,471,-1.2
SPRING,S10,Morgana Morgana,119,101,8%,7.9,62,57,52%,3.7,33:38:00,1.7,199,-7.4
SPRING,S10,Karma Karma,159,54,8%,6.8,67,92,42%,3.3,32:22:00,3.3,276,-6.3
SPRING,S10,Wukong Wukong,83,126,7%,4.8,42,41,51%,3.2,33:02:00,7.1,397,-1.3
SPRING,S10,Fiora Fiora,62,121,7%,6.1,29,33,47%,2.2,31:41:00,8.9,466,9.5
SPRING,S10,Kennen Kennen,107,55,6%,8,55,52,51%,2.3,32:48:00,7.6,452,3.8
SPRING,S10,Kindred Kindred,84,73,6%,7.5,38,46,45%,2.8,32:17:00,6.1,340,2.2
SPRING,S10,Tristana Tristana,79,69,5%,6.6,39,40,49%,3.3,32:53:00,8.8,447,-0.5
SPRING,S10,Lissandra Lissandra,87,50,5%,8.7,53,34,61%,3.9,33:09:00,7.9,445,0.4
SPRING,S10,Nidalee Nidalee,63,65,5%,6.5,38,25,60%,4.5,30:17:00,6.9,416,15.6
SPRING,S10,Zac Zac,83,42,4%,7,39,44,47%,2.8,32:26:00,5.1,272,-5.8
SPRING,S10,Zilean Zilean,65,52,4%,7.5,31,34,48%,4.9,34:18:00,5.1,317,-10.9
SPRING,S10,Poppy Poppy,71,41,4%,7.4,38,33,54%,2.8,32:32:00,6.1,330,-10.5
SPRING,S10,Kled Kled,56,54,4%,6.3,32,24,57%,3.5,31:56:00,7.4,373,-6.3
SPRING,S10,Heimerdinger Heimerdinger,17,92,4%,2.8,12,5,71%,4.5,35:12:00,8.4,694,-1.7
SPRING,S10,Nocturne Nocturne,52,55,4%,6.2,30,22,58%,2.6,30:24:00,6.6,299,5.7
SPRING,S10,VelKoz VelKoz,48,49,3%,6.1,25,23,52%,5.2,33:53:00,8.1,641,2.5
SPRING,S10,Neeko Neeko,68,24,3%,7.6,30,38,44%,2.6,31:16:00,7.6,435,0
SPRING,S10,Gnar Gnar,74,17,3%,7.7,29,45,39%,1.8,33:35:00,7.5,424,-2.3
SPRING,S10,Chogath Chogath,55,34,3%,5.5,29,26,53%,2.7,34:40:00,7,378,1
SPRING,S10,Alistar Alistar,67,19,3%,7.7,30,37,45%,2.9,32:54:00,1,124,-1
SPRING,S10,Pyke Pyke,56,25,3%,8,14,42,25%,2.2,32:42:00,1.6,179,1.1
SPRING,S10,Ashe Ashe,59,17,3%,6.9,21,38,36%,3.1,34:28:00,8.6,452,-4.1
SPRING,S10,Lulu Lulu,59,16,3%,6.8,26,33,44%,3.9,31:49:00,1.5,139,-3
SPRING,S10,Jax Jax,37,35,3%,7.7,17,20,46%,2.2,31:59:00,8.4,461,4.3
SPRING,S10,Veigar Veigar,37,31,2%,6.8,16,21,43%,3.4,34:13:00,8.1,484,-11.9
SPRING,S10,Draven Draven,26,36,2%,5.2,15,11,58%,4.1,32:12:00,9,470,8.2
SPRING,S10,Shyvana Shyvana,35,27,2%,5.6,17,18,49%,3,31:50:00,7,629,18.4
SPRING,S10,Volibear Volibear,32,29,2%,7.6,19,13,59%,2.6,31:33:00,2.2,189,6.4
SPRING,S10,Skarner Skarner,30,28,2%,6.3,15,15,50%,3.2,31:42:00,4.9,161,-2.4
SPRING,S10,Kayle Kayle,34,21,2%,8.4,14,20,41%,2.7,32:32:00,8.8,516,-1.7
SPRING,S10,Vayne Vayne,37,17,2%,7.4,17,20,46%,2.8,31:17:00,8,529,-2.5
SPRING,S10,Caitlyn Caitlyn,32,18,2%,7.2,17,15,53%,4,33:53:00,9.8,542,7.5
SPRING,S10,Malphite Malphite,35,14,2%,8.7,22,13,63%,3.5,31:48:00,6.8,408,-14.4
SPRING,S10,Sion Sion,41,7,2%,7.4,17,24,41%,2.4,33:35:00,7,373,-11
SPRING,S10,Illaoi Illaoi,15,31,2%,5.1,5,10,33%,1.7,36:05:00,7.6,698,9.9
SPRING,S10,Shen Shen,30,12,2%,6.6,13,17,43%,2.9,33:21:00,5.2,264,-13.7
SPRING,S10,KhaZix KhaZix,17,19,1%,3.6,12,5,71%,4.3,32:10:00,6.2,459,0.5
SPRING,S10,Quinn Quinn,12,24,1%,8.1,4,8,33%,1.6,31:04:00,7.9,517,1.6
SPRING,S10,Sivir Sivir,23,12,1%,8.8,10,13,43%,4.1,34:45:00,9.5,568,-7.5
SPRING,S10,Darius Darius,16,18,1%,6.2,4,12,25%,1.3,30:45:00,7.7,341,8.3
SPRING,S10,Malzahar Malzahar,19,14,1%,7.6,13,6,68%,3.5,33:42:00,8.6,442,-3.8
SPRING,S10,Kayn Kayn,11,21,1%,2.5,6,5,55%,2,31:07:00,6.1,376,-22.4
SPRING,S10,Urgot Urgot,20,12,1%,4.2,11,9,55%,3.3,31:58:00,8.2,419,-1.4
SPRING,S10,Yorick Yorick,13,17,1%,6.8,5,8,38%,1.9,31:42:00,9.4,394,6.5
SPRING,S10,Jinx Jinx,20,8,1%,7,11,9,55%,4.2,33:20:00,9.8,555,-1.2
SPRING,S10,Xin Zhao Xin Zhao,15,10,1%,5.3,7,8,47%,2.4,32:00:00,5.1,309,4
SPRING,S10,Zed Zed,14,11,1%,8.3,8,6,57%,3.4,32:38:00,7.8,516,1.5
SPRING,S10,Talon Talon,7,18,1%,2.6,0,7,0%,1.6,32:14:00,7.4,321,-12.8
SPRING,S10,Xerath Xerath,10,14,1%,6.3,5,5,50%,6.5,32:39:00,7.5,673,1
SPRING,S10,Riven Riven,7,16,1%,5.1,6,1,86%,6.9,30:58:00,8.9,409,-4.6
SPRING,S10,Janna Janna,20,2,1%,6.5,10,10,50%,4.7,34:18:00,1.9,228,-19.1
SPRING,S10,Jhin Jhin,19,2,1%,8.5,8,11,42%,6.5,33:07:00,8.8,482,-3.9
SPRING,S10,Rengar Rengar,6,15,1%,3.8,2,4,33%,2.3,32:42:00,6.9,315,16.8
SPRING,S10,Twisted Fate Twisted Fate,10,10,1%,7.8,5,5,50%,3.5,35:49:00,7.9,328,-11.2
SPRING,S10,KogMaw KogMaw,15,4,1%,7.3,7,8,47%,3.1,32:11:00,8.7,693,-1.6
SPRING,S10,Ivern Ivern,9,8,1%,5.3,2,7,22%,2.2,30:01:00,4.5,153,-9.9
SPRING,S10,Hecarim Hecarim,16,1,1%,3,9,7,56%,2.9,31:29:00,6.9,347,-2.8
SPRING,S10,Ahri Ahri,7,9,1%,7.4,0,7,0%,2.9,33:33:00,7.9,442,-5.9
SPRING,S10,Anivia Anivia,7,8,1%,7.1,3,4,43%,2,31:31:00,8.4,342,-8.1
SPRING,S10,Zyra Zyra,10,4,1%,8,4,6,40%,2,34:52:00,1,401,-5.4
SPRING,S10,Amumu Amumu,2,12,1%,6,1,1,50%,1.4,35:24:00,4,245,-15.5
SPRING,S10,Aurelion Sol Aurelion Sol,7,6,0%,7,4,3,57%,6,30:13:00,7.6,424,-0.5
SPRING,S10,Swain Swain,6,5,0%,6,2,4,33%,2.2,34:31:00,3.7,437,-5.7
SPRING,S10,Tryndamere Tryndamere,7,3,0%,8.7,2,5,29%,1.9,29:07:00,9.5,415,22
SPRING,S10,Singed Singed,6,4,0%,8.3,2,4,33%,3.1,31:51:00,7.5,492,-9.2
SPRING,S10,Shaco Shaco,4,6,0%,4,3,1,75%,9.3,28:59:00,4.2,265,-19.5
SPRING,S10,Annie Annie,2,6,0%,6,0,2,0%,1.3,28:53:00,4.2,381,-16.5
SPRING,S10,Sona Sona,5,3,0%,2.7,1,4,20%,2.6,31:12:00,4.8,365,-33.8
SPRING,S10,Fiddlesticks Fiddlesticks,4,4,0%,5.8,1,3,25%,1.7,33:16:00,2.5,237,-12.2
SPRING,S10,Dr. Mundo Dr. Mundo,7,1,0%,6,4,3,57%,4.5,34:55:00,7,478,11
SPRING,S10,Lux Lux,7,0,0%,-,1,6,14%,1.2,30:29:00,3.7,347,-10
SPRING,S10,Nunu Nunu,3,4,0%,5,0,3,0%,1.3,33:15:00,4.3,226,-17.5
SPRING,S10,Brand Brand,6,1,0%,5,1,5,17%,1.9,30:23:00,2.7,541,-3.7
SPRING,S10,Nami Nami,6,0,0%,-,2,4,33%,3.3,31:01:00,0.6,112,-7.3
SPRING,S10,Katarina Katarina,2,4,0%,7.5,1,1,50%,3,28:49:00,7,487,-9.5
SPRING,S10,Udyr Udyr,1,5,0%,3.2,0,1,0%,2.2,32:49:00,6.5,444,20
SPRING,S10,Master Yi Master Yi,3,2,0%,3,0,3,0%,0.7,26:47:00,7.7,322,36.3
SPRING,S10,Nasus Nasus,2,2,0%,8.5,0,2,0%,1.5,38:59:00,6.5,447,-19.5
SPRING,S10,Evelynn Evelynn,1,2,0%,7,0,1,0%,3.4,41:50:00,4.9,1084,25
SPRING,S10,Fizz Fizz,3,0,0%,-,0,3,0%,1.1,27:26:00,7.1,266,-0.3
SPRING,S10,Twitch Twitch,2,0,0%,-,0,2,0%,0.9,28:24:00,6.7,373,-45.5
SPRING,S10,Garen Garen,2,0,0%,-,1,1,50%,2.2,25:51:00,7.7,293,-4.5
SPRING,S10,Warwick Warwick,1,0,0%,-,0,1,0%,1.5,38:42:00,4.9,150,-21
SPRING,S10,Teemo Teemo,1,0,0%,-,0,1,0%,0.7,25:15:00,8,795,37
SPRING,S10,Rammus Rammus,0,0,0%,-,,,,,0:00,,,
SPRING,S10,Lilia Lilia,0,0,0%,-,,,,,0:00,,,
SPRING,S10,Vi Vi,0,0,0%,-,,,,,0:00,,,
SUMMER,S10,Aphelios Aphelios,714,465,75%,4.6,381,333,53%,3.7,32:53:00,9.6,536,-0.2
SUMMER,S10,Syndra Syndra,343,817,73%,4.3,173,170,50%,3.5,32:57:00,8.7,543,8.4
SUMMER,S10,Ezreal Ezreal,714,410,71%,4.6,359,355,50%,4.4,32:44:00,9.1,628,-0.8
SUMMER,S10,Thresh Thresh,512,577,69%,5.3,268,244,52%,3.5,32:50:00,1,112,0.5
SUMMER,S10,Varus Varus,173,893,67%,2.9,94,79,54%,3.6,32:33:00,8.9,606,10.7
SUMMER,S10,Kalista Kalista,308,719,65%,3.6,173,135,56%,4.3,32:02:00,9.4,419,10.9
SUMMER,S10,Karma Karma,392,600,63%,4.4,171,221,44%,3.8,32:18:00,4,267,-2.4
SUMMER,S10,Trundle Trundle,564,420,62%,4.7,275,289,49%,3.9,32:31:00,4.8,169,-8.8
SUMMER,S10,Graves Graves,478,501,62%,4.6,226,252,47%,3.8,33:01:00,6.7,351,11.4
SUMMER,S10,Sett Sett,458,510,61%,4.2,215,243,47%,2.4,31:54:00,4.5,274,-3.7
SUMMER,S10,Ornn Ornn,503,441,60%,6.8,249,254,50%,3.1,32:42:00,6.9,345,-7.2
SUMMER,S10,Volibear Volibear,471,469,59%,4.3,245,226,52%,3.1,32:54:00,5.9,276,-1.6
SUMMER,S10,Wukong Wukong,416,455,55%,6.3,224,192,54%,2.8,31:57:00,7.4,361,-5.4
SUMMER,S10,Nautilus Nautilus,554,240,50%,7.9,274,280,49%,2.4,32:09:00,1.1,141,-0.9
SUMMER,S10,Twisted Fate Twisted Fate,272,498,49%,4.8,164,108,60%,4.6,31:56:00,8.5,421,-4.7
SUMMER,S10,Lee Sin Lee Sin,497,272,49%,5.8,270,227,54%,3.6,32:49:00,5.2,237,-5.6
SUMMER,S10,Zoe Zoe,274,450,46%,5.6,148,126,54%,4.7,32:17:00,8,574,0.3
SUMMER,S10,Azir Azir,355,335,44%,6.9,177,178,50%,2.9,32:47:00,9.2,518,3.9
SUMMER,S10,Orianna Orianna,407,275,43%,6.9,211,196,52%,4.4,32:58:00,9,492,5.1
SUMMER,S10,LeBlanc LeBlanc,170,494,42%,6.4,89,81,52%,4.5,34:17:00,7.9,530,-0.1
SUMMER,S10,Nidalee Nidalee,226,413,40%,4.5,127,99,56%,3.9,31:20:00,6.5,385,12.1
SUMMER,S10,Ashe Ashe,477,137,39%,4.9,231,246,48%,3.9,32:11:00,9,467,-0.5
SUMMER,S10,Renekton Renekton,310,286,38%,7,167,143,54%,2.7,32:42:00,8,357,11.4
SUMMER,S10,Bard Bard,301,228,33%,6.8,177,124,59%,4.9,32:28:00,1.3,181,0.9
SUMMER,S10,Yuumi Yuumi,199,293,31%,4.8,92,107,46%,6.1,32:13:00,0.7,240,-5.1
SUMMER,S10,Galio Galio,234,225,29%,6.3,122,112,52%,3.9,32:06:00,7.3,371,-12.5
SUMMER,S10,Senna Senna,220,236,29%,3.6,115,105,52%,5,32:38:00,4.1,381,-7.5
SUMMER,S10,Gangplank Gangplank,202,230,27%,6.8,119,83,59%,3.6,33:21:00,8.2,577,3.9
SUMMER,S10,Olaf Olaf,211,201,26%,6.4,100,111,47%,2.7,32:31:00,5.7,269,5.4
SUMMER,S10,Mordekaiser Mordekaiser,182,181,23%,8.3,87,95,48%,2,31:48:00,7.7,438,-4.1
SUMMER,S10,Leona Leona,242,98,22%,8.7,111,131,46%,2.2,33:02:00,1.1,114,0
SUMMER,S10,Braum Braum,230,108,21%,8.4,103,127,45%,3.1,32:43:00,1,133,0.4
SUMMER,S10,Jayce Jayce,159,154,20%,7.7,77,82,48%,2.7,32:44:00,8.5,622,9.1
SUMMER,S10,Camille Camille,156,132,18%,8.1,83,73,53%,2.6,32:15:00,8.2,413,-0.9
SUMMER,S10,Aatrox Aatrox,193,86,18%,8.1,75,118,39%,2,32:02:00,7.6,351,2.3
SUMMER,S10,Corki Corki,169,106,17%,7.3,82,87,49%,3.9,32:50:00,9.6,608,1.4
SUMMER,S10,Tahm Kench Tahm Kench,156,104,16%,8,78,78,50%,2.6,32:25:00,1.2,127,0.5
SUMMER,S10,Sylas Sylas,143,95,15%,7.9,69,74,48%,3,32:29:00,7.6,453,-5.9
SUMMER,S10,RekSai RekSai,121,109,15%,6.4,54,67,45%,2.7,31:15:00,5.4,253,2.6
SUMMER,S10,Ekko Ekko,124,99,14%,6.4,57,67,46%,3,32:11:00,8,421,-4
SUMMER,S10,Jarvan IV Jarvan IV,108,107,14%,7.2,44,64,41%,2.9,31:09:00,4.9,183,-7.1
SUMMER,S10,Lulu Lulu,132,77,13%,6.8,55,77,42%,4.2,32:39:00,1.7,104,0.7
SUMMER,S10,Kennen Kennen,114,89,13%,7.7,61,53,54%,2.5,33:52:00,7.9,475,6.7
SUMMER,S10,Pantheon Pantheon,82,100,12%,4.7,41,41,50%,2.4,31:27:00,3.4,275,-2.4
SUMMER,S10,Kassadin Kassadin,65,115,11%,7.9,31,34,48%,4.5,30:13:00,8.9,530,-5.1
SUMMER,S10,Malphite Malphite,89,91,11%,8.5,41,48,46%,3,33:14:00,7,392,-6.1
SUMMER,S10,Kaisa Kaisa,138,28,11%,8.4,49,89,36%,3.2,31:37:00,9.3,474,-0.3
SUMMER,S10,Cassiopeia Cassiopeia,79,87,11%,6.2,40,39,51%,3.5,32:51:00,8.9,483,6.7
SUMMER,S10,Miss Fortune Miss Fortune,110,37,9%,6.8,45,65,41%,3.6,31:58:00,9.5,495,1.9
SUMMER,S10,Kindred Kindred,79,66,9%,6.8,43,36,54%,3.4,32:22:00,6.2,337,2.4
SUMMER,S10,Karthus Karthus,44,95,9%,3.9,24,20,55%,3.3,33:07:00,7.5,673,14.3
SUMMER,S10,Akali Akali,73,47,8%,7.1,31,42,42%,3,31:05:00,8.1,463,0.9
SUMMER,S10,Blitzcrank Blitzcrank,60,57,7%,7.1,32,28,53%,3,32:40:00,1,169,-1.6
SUMMER,S10,Gragas Gragas,73,36,7%,5.6,34,39,47%,3.2,33:10:00,4.9,336,-3.2
SUMMER,S10,Maokai Maokai,79,30,7%,8.5,39,40,49%,2.5,32:39:00,5.9,379,-15
SUMMER,S10,Taric Taric,63,40,7%,7.7,29,34,46%,3.2,31:37:00,1.1,89,1.2
SUMMER,S10,Fiddlesticks Fiddlesticks,32,69,6%,5.5,17,15,53%,2.8,31:34:00,6.1,415,2.1
SUMMER,S10,Lucian Lucian,60,41,6%,6.5,29,31,48%,3.4,32:55:00,9.3,555,10.7
SUMMER,S10,Kayle Kayle,57,43,6%,8.6,33,24,58%,3.4,31:45:00,9,525,12.5
SUMMER,S10,KhaZix KhaZix,55,45,6%,5.6,34,21,62%,3.6,32:48:00,5.7,359,-0.8
SUMMER,S10,Elise Elise,33,57,6%,6.1,11,22,33%,2.2,33:30:00,5.1,310,-8.7
SUMMER,S10,Rakan Rakan,74,14,6%,8.8,40,34,54%,5.7,33:22:00,1.2,136,1.3
SUMMER,S10,Nocturne Nocturne,50,38,6%,6.4,27,23,54%,2.3,32:22:00,5.9,311,3.6
SUMMER,S10,Shyvana Shyvana,37,50,6%,4.3,23,14,62%,3.5,31:38:00,7.3,567,12.3
SUMMER,S10,Urgot Urgot,49,29,5%,7.2,23,26,47%,2.6,32:51:00,7.7,378,-2.6
SUMMER,S10,Jax Jax,42,35,5%,8.3,19,23,45%,2.1,31:44:00,8,388,0.3
SUMMER,S10,Soraka Soraka,38,38,5%,5.3,22,16,58%,5.1,32:40:00,4,190,-6.9
SUMMER,S10,Rumble Rumble,36,38,5%,5.7,14,22,39%,3.1,32:27:00,7,517,-12.9
SUMMER,S10,Irelia Irelia,26,47,5%,7.6,11,15,42%,1.8,32:37:00,8.7,358,9.7
SUMMER,S10,KogMaw KogMaw,42,21,4%,5.8,13,29,31%,2.6,31:34:00,8.8,657,-5.5
SUMMER,S10,Yasuo Yasuo,25,36,4%,5.9,13,12,52%,2.6,33:57:00,8.7,355,-1.2
SUMMER,S10,Ryze Ryze,45,16,4%,6.8,18,27,40%,2.7,30:57:00,9.7,536,4.2
SUMMER,S10,Sivir Sivir,48,12,4%,7.1,21,27,44%,3.2,31:46:00,9.8,467,-3.2
SUMMER,S10,Viktor Viktor,40,19,4%,8.1,18,22,45%,2.9,34:05:00,8.6,606,1.4
SUMMER,S10,Sion Sion,44,13,4%,8.3,20,24,45%,2.6,34:28:00,7.2,358,-3.8
SUMMER,S10,Jhin Jhin,51,5,4%,7.2,22,29,43%,4.5,32:11:00,9.1,451,1.3
SUMMER,S10,Morgana Morgana,26,26,3%,8.3,13,13,50%,3.9,32:27:00,3.9,285,1.2
SUMMER,S10,Vladimir Vladimir,33,17,3%,8,12,21,36%,1.9,32:18:00,8.1,487,1.8
SUMMER,S10,Ziggs Ziggs,29,20,3%,5.4,13,16,45%,3.4,31:44:00,8.8,702,3.6
SUMMER,S10,Lissandra Lissandra,24,19,3%,8.1,13,11,54%,3.1,33:28:00,7.9,432,-0.7
SUMMER,S10,Gnar Gnar,32,10,3%,8.4,18,14,56%,2.7,31:51:00,8.2,483,15.7
SUMMER,S10,Alistar Alistar,32,9,3%,8.4,19,13,59%,4.2,33:04:00,1,137,0.4
SUMMER,S10,Shen Shen,27,14,3%,6.5,15,12,56%,4.2,32:58:00,5.8,299,-4.5
SUMMER,S10,Heimerdinger Heimerdinger,12,29,3%,3.1,3,9,25%,2.3,31:09:00,7.8,621,-11.2
SUMMER,S10,Fiora Fiora,17,22,2%,6.1,7,10,41%,2,29:36:00,9.4,391,11.1
SUMMER,S10,Poppy Poppy,27,10,2%,7.1,12,15,44%,2,30:54:00,6.6,323,-5.1
SUMMER,S10,Taliyah Taliyah,15,21,2%,5.5,5,10,33%,3,31:49:00,6.6,450,-10.9
SUMMER,S10,Zilean Zilean,17,17,2%,7,7,10,41%,5.1,33:56:00,4,299,5.6
SUMMER,S10,Quinn Quinn,15,18,2%,8.6,7,8,47%,2.4,30:31:00,8.4,598,14.3
SUMMER,S10,Sejuani Sejuani,30,3,2%,8.3,15,15,50%,3.3,31:33:00,5.2,225,-7.1
SUMMER,S10,Qiyana Qiyana,17,15,2%,5.6,8,9,47%,3.1,32:08:00,7.6,479,-9.3
SUMMER,S10,Chogath Chogath,26,6,2%,8.2,13,13,50%,2.3,33:29:00,7.3,378,-4.2
SUMMER,S10,Xayah Xayah,26,6,2%,5.5,11,15,42%,3.3,32:51:00,9.7,497,-1.2
SUMMER,S10,Illaoi Illaoi,9,19,2%,5.2,3,6,33%,1.4,32:52:00,8,521,1.9
SUMMER,S10,Riven Riven,3,24,2%,4,1,2,33%,2.4,36:31:00,7.8,320,4.3
SUMMER,S10,Hecarim Hecarim,19,8,2%,7.6,7,12,37%,2.5,31:05:00,7.3,427,-4.4
SUMMER,S10,Kayn Kayn,12,12,2%,3.8,2,10,17%,1.5,29:52:00,5.7,298,2.7
SUMMER,S10,Skarner Skarner,16,7,1%,5.6,9,7,56%,3.4,32:27:00,4.9,129,-5.4
SUMMER,S10,VelKoz VelKoz,10,13,1%,7.5,7,3,70%,4.6,34:03:00,8.1,719,1.1
SUMMER,S10,Kled Kled,11,12,1%,6,6,5,55%,5.5,29:28:00,7.8,305,-2.9
SUMMER,S10,Vayne Vayne,15,8,1%,8.1,5,10,33%,2.1,32:05:00,8.2,441,-11
SUMMER,S10,Draven Draven,9,13,1%,6.8,7,2,78%,7.4,32:50:00,8.9,510,9.9
SUMMER,S10,Darius Darius,4,18,1%,7.6,2,2,50%,2.2,28:00:00,7.6,445,9
SUMMER,S10,Tristana Tristana,13,8,1%,7.5,5,8,38%,2.8,32:22:00,9,387,8.9
SUMMER,S10,Lux Lux,13,8,1%,5.9,6,7,46%,4,34:34:00,3.3,355,1.7
SUMMER,S10,Diana Diana,11,9,1%,7.6,5,6,45%,3.2,30:42:00,8.1,503,-8.1
SUMMER,S10,Sona Sona,11,7,1%,2.7,8,3,73%,3.6,35:10:00,2.5,245,-59.3
SUMMER,S10,Talon Talon,2,16,1%,2,1,1,50%,2.8,27:25:00,7.3,325,-5
SUMMER,S10,Neeko Neeko,14,2,1%,9,7,7,50%,3.4,32:32:00,7.6,441,-5
SUMMER,S10,Zac Zac,9,6,1%,1.8,6,3,67%,5.5,29:39:00,5.6,288,-10.3
SUMMER,S10,Pyke Pyke,11,4,1%,4.8,4,7,36%,1.5,32:20:00,1.4,139,0.5
SUMMER,S10,Caitlyn Caitlyn,10,4,1%,2.5,5,5,50%,4.7,32:51:00,8.8,714,23.2
SUMMER,S10,Twitch Twitch,6,7,1%,5.3,5,1,83%,4.2,36:53:00,9.1,569,4.7
SUMMER,S10,Xerath Xerath,6,7,1%,4.7,2,4,33%,5.4,31:57:00,9,761,8
SUMMER,S10,Yorick Yorick,4,8,1%,5.9,0,4,0%,0.8,28:42:00,8.3,310,-1.8
SUMMER,S10,Aurelion Sol Aurelion Sol,7,4,1%,9,1,6,14%,1.9,33:58:00,7.3,427,-5.5
SUMMER,S10,Zed Zed,6,4,1%,7,1,5,17%,1.6,30:56:00,7.9,399,-5
SUMMER,S10,Ahri Ahri,5,4,1%,6.8,3,2,60%,5,34:53:00,8.4,536,-5.4
SUMMER,S10,Katarina Katarina,2,7,1%,4.1,0,2,0%,2,38:05:00,6.1,254,-30.5
SUMMER,S10,Malzahar Malzahar,4,5,1%,7.8,2,2,50%,2.1,31:12:00,8,422,-7.8
SUMMER,S10,Janna Janna,7,1,1%,7,5,2,71%,13.2,30:03:00,1.8,196,-8.9
SUMMER,S10,Zyra Zyra,5,3,1%,5.3,0,5,0%,1.5,36:11:00,0.9,374,-14
SUMMER,S10,Nunu Nunu,5,2,0%,4,2,3,40%,2.6,33:38:00,6.3,283,-10.2
SUMMER,S10,Jinx Jinx,6,0,0%,-,1,5,17%,4.3,31:56:00,10.4,392,0.3
SUMMER,S10,Ivern Ivern,4,1,0%,8,1,3,25%,3.2,34:12:00,4,140,-15.8
SUMMER,S10,Veigar Veigar,5,0,0%,-,0,5,0%,1.5,28:23:00,8.1,405,1.4
SUMMER,S10,Dr. Mundo Dr. Mundo,5,0,0%,-,4,1,80%,4.8,36:19:00,8.1,434,21.6
SUMMER,S10,Shaco Shaco,1,3,0%,1.3,0,1,0%,0.7,26:41:00,4.9,237,-10
SUMMER,S10,Fizz Fizz,0,3,0%,8.7,,,,,0:00,,,
SUMMER,S10,Nasus Nasus,3,0,0%,-,2,1,67%,2.6,29:19:00,8.2,482,-1.3
SUMMER,S10,Vi Vi,2,0,0%,-,2,0,100%,7.3,31:11:00,5.1,257,-10
SUMMER,S10,Amumu Amumu,0,2,0%,4.5,,,,,0:00,,,
SUMMER,S10,Xin Zhao Xin Zhao,2,0,0%,-,1,1,50%,1.8,28:11:00,5.8,243,-0.5
SUMMER,S10,Annie Annie,0,2,0%,5,,,,,0:00,,,
SUMMER,S10,Nami Nami,2,0,0%,-,1,1,50%,8.3,32:46:00,0.9,120,-4
SUMMER,S10,Swain Swain,2,0,0%,-,0,2,0%,1.2,32:40:00,7.6,297,10
SUMMER,S10,Teemo Teemo,0,1,0%,1,,,,,0:00,,,
SUMMER,S10,Garen Garen,0,1,0%,8,,,,,0:00,,,
SUMMER,S10,Tryndamere Tryndamere,0,1,0%,8,,,,,0:00,,,
SUMMER,S10,Brand Brand,1,0,0%,-,0,1,0%,1.5,28:38:00,0.7,423,-12
SUMMER,S10,Rammus Rammus,1,0,0%,-,1,0,100%,4.5,33:07:00,4.6,188,-8
SUMMER,S10,Anivia Anivia,0,1,0%,8,,,,,0:00,,,
SUMMER,S10,Singed Singed,0,0,0%,-,,,,,0:00,,,
SUMMER,S10,Warwick Warwick,0,0,0%,-,,,,,0:00,,,
SUMMER,S10,Evelynn Evelynn,0,0,0%,-,,,,,0:00,,,
SUMMER,S10,Rengar Rengar,0,0,0%,-,,,,,0:00,,,
SUMMER,S10,Udyr Udyr,0,0,0%,-,,,,,0:00,,,
SUMMER,S10,Lilia Lilia,0,0,0%,-,,,,,0:00,,,
SUMMER,S10,Master Yi Master Yi,0,0,0%,-,,,,,0:00,,,